captured_at_utc,vessel_name,mmsi,imo,call_sign,ship_type,status,latitude,longitude,latitude_decimal,longitude_decimal,speed_kn,course_deg,heading_deg,destination,eta,last_update
2026-09-24 05:59:49,WAN HAI 517,850532656,9457660,9V7583,Container,Under way using engine,22-14.609N,114-07.918E,22.243483,114.131967,12.5kn,315.4Deg,315.0Deg,"HONG KONG, CN",2018-08-08 06:00:00,2025-02-26 17:19:27
2026-09-24 05:59:56,9400186,563123500,9400186,9V3760,Container,Under way using engine,5-28.675N,106-42.612E,5.477917,106.7102,0.8kn,91.3Deg,Unknown,CNSHK>SGSIN WBGB,2026-09-26 17:00:00,2026-09-24 05:27:44
2026-09-24 09:57:13,WAN HAI 517,566942000,9457660,9V7583,Container,Under way using engine,4-27.307N,106-05.996E,4.455117,106.099933,15.9kn,36.9Deg,35.0Deg,"KAOHSIUNG, CN",2026-09-28 08:00:00,2026-09-24 07:18:29
2026-09-24 09:57:21,9400186,563123500,9400186,9V3760,Container,Under way using engine,5-28.673N,106-42.625E,5.477883,106.710417,0.8kn,91.3Deg,180.0Deg,CNSHK>SGSIN EBGA,2026-09-27 06:30:00,2026-09-24 05:28:30
2026-09-24 09:57:30,REN JIAN 19,414333000,9280809,BQOJ,Container,Under way using engine,4-41.112N,99-53.961E,4.6852,99.89935,0.8kn,339.7Deg,81.0Deg,"SINGAPORE, SG",2026-09-26 00:01:00,2026-09-24 07:23:03
2026-09-24 09:57:39,MSC DITTE,636017569,9754953,D5LP2,Container,Moored,22-44.289N,69-42.018E,22.73815,69.7003,0kn,26.2Deg,270.0Deg,"KHOR FAKKAN, AE",2026-09-25 00:00:00,2026-09-07 05:13:29
2026-09-24 09:57:48,EVER LEARNED,235098885,9604108,2GNG3,Container,Moored,36-00.537N,120-13.564E,36.00895,120.226067,0.1kn,20.1Deg,233.0Deg,"QINGDAO, CN",2026-09-23 18:00:00,2026-09-24 09:54:26
2026-09-24 09:57:58,HAIAN EAST,574005100,9363144,XVIV7,Container,At anchor,2-59.518N,104-41.981E,2.991967,104.699683,0.2kn,158.5Deg,Unknown,"SINGAPORE, SG",2026-09-25 12:30:00,2026-09-24 05:29:38
2026-09-24 09:58:07,ITAL USODIMARE,247009600,9196979,IBPO,Container,Under way using engine,2-44.564N,105-13.059E,2.742733,105.21765,13.7kn,21.0Deg,22.0Deg,"QINGDAO, CN",2026-10-01 06:00:00,2026-09-24 05:30:22
2026-09-24 10:29:50,WAN HAI 517,566942000,9457660,9V7583,Container,Under way using engine,4-27.307N,106-05.996E,4.455117,106.099933,15.9kn,36.9Deg,35.0Deg,"KAOHSIUNG, CN",2026-09-28 08:00:00,2026-09-24 07:18:29
2026-09-24 10:30:02,9400186,563123500,9400186,9V3760,Container,Under way using engine,5-28.673N,106-42.625E,5.477883,106.710417,0.8kn,91.3Deg,180.0Deg,CNSHK>SGSIN EBGA,2026-09-27 06:30:00,2026-09-24 05:28:30
2026-09-24 10:30:12,REN JIAN 19,414333000,9280809,BQOJ,Container,Under way using engine,4-41.112N,99-53.961E,4.6852,99.89935,0.8kn,339.7Deg,81.0Deg,"SINGAPORE, SG",2026-09-26 00:01:00,2026-09-24 07:23:03
2026-09-24 10:30:22,MSC DITTE,636017569,9754953,D5LP2,Container,Moored,22-44.289N,69-42.018E,22.73815,69.7003,0kn,26.2Deg,270.0Deg,"KHOR FAKKAN, AE",2026-09-25 00:00:00,2026-09-07 05:13:29
2026-09-24 10:30:32,EVER LEARNED,235098885,9604108,2GNG3,Container,Moored,36-00.538N,120-13.565E,36.008967,120.226083,0.1kn,235.4Deg,233.0Deg,"QINGDAO, CN",2026-09-23 18:00:00,2026-09-24 10:27:26
2026-09-24 10:30:42,HAIAN EAST,574005100,9363144,XVIV7,Container,At anchor,2-59.518N,104-41.981E,2.991967,104.699683,0.2kn,158.5Deg,Unknown,"SINGAPORE, SG",2026-09-25 12:30:00,2026-09-24 05:29:38
2026-09-24 10:30:52,ITAL USODIMARE,247009600,9196979,IBPO,Container,Under way using engine,2-44.564N,105-13.059E,2.742733,105.21765,13.7kn,21.0Deg,22.0Deg,"QINGDAO, CN",2026-10-01 06:00:00,2026-09-24 05:30:22
2026-09-24 11:42:58,WAN HAI 517,566942000,9457660,9V7583,Container,Under way using engine,4-27.307N,106-05.996E,4.455117,106.099933,15.9kn,36.9Deg,35.0Deg,"KAOHSIUNG, CN",2026-09-28 08:00:00,2026-09-24 07:18:29
2026-09-24 11:43:06,9400186,563123500,9400186,9V3760,Container,Under way using engine,5-28.673N,106-42.625E,5.477883,106.710417,0.8kn,91.3Deg,180.0Deg,CNSHK>SGSIN EBGA,2026-09-27 06:30:00,2026-09-24 05:28:30
2026-09-24 11:43:13,REN JIAN 19,414333000,9280809,BQOJ,Container,Under way using engine,4-41.112N,99-53.961E,4.6852,99.89935,0.8kn,339.7Deg,81.0Deg,"SINGAPORE, SG",2026-09-26 00:01:00,2026-09-24 07:23:03
2026-09-24 11:43:22,MSC DITTE,636017569,9754953,D5LP2,Container,Moored,22-44.289N,69-42.018E,22.73815,69.7003,0kn,26.2Deg,270.0Deg,"KHOR FAKKAN, AE",2026-09-25 00:00:00,2026-09-07 05:13:29
2026-09-24 11:43:29,EVER LEARNED,235098885,9604108,2GNG3,Container,Moored,36-00.528N,120-13.579E,36.0088,120.226317,0kn,319.5Deg,233.0Deg,"QINGDAO, CN",2026-09-23 18:00:00,2026-09-24 11:39:26
2026-09-24 11:43:37,HAIAN EAST,574005100,9363144,XVIV7,Container,At anchor,2-59.518N,104-41.981E,2.991967,104.699683,0.2kn,158.5Deg,Unknown,"SINGAPORE, SG",2026-09-25 12:30:00,2026-09-24 05:29:38
2026-09-24 11:43:45,ITAL USODIMARE,247009600,9196979,IBPO,Container,Under way using engine,2-44.564N,105-13.059E,2.742733,105.21765,13.7kn,21.0Deg,22.0Deg,"QINGDAO, CN",2026-10-01 06:00:00,2026-09-24 05:30:22
2026-09-24 12:12:46,WAN HAI 517,566942000,9457660,9V7583,Container,Under way using engine,4-27.307N,106-05.996E,4.455117,106.099933,15.9kn,36.9Deg,35.0Deg,"KAOHSIUNG, CN",2026-09-28 08:00:00,2026-09-24 07:18:29
2026-09-24 12:12:54,9400186,563123500,9400186,9V3760,Container,Under way using engine,5-28.673N,106-42.625E,5.477883,106.710417,0.8kn,91.3Deg,180.0Deg,CNSHK>SGSIN EBGA,2026-09-27 06:30:00,2026-09-24 05:28:30
2026-09-24 12:13:02,REN JIAN 19,414333000,9280809,BQOJ,Container,Under way using engine,4-41.112N,99-53.961E,4.6852,99.89935,0.8kn,339.7Deg,81.0Deg,"SINGAPORE, SG",2026-09-26 00:01:00,2026-09-24 07:23:03
2026-09-24 12:13:10,MSC DITTE,636017569,9754953,D5LP2,Container,Moored,22-44.289N,69-42.018E,22.73815,69.7003,0kn,26.2Deg,270.0Deg,"KHOR FAKKAN, AE",2026-09-25 00:00:00,2026-09-07 05:13:29
2026-09-24 12:13:18,EVER LEARNED,235098885,9604108,2GNG3,Container,Moored,36-00.543N,120-13.562E,36.00905,120.226033,0.1kn,84.6Deg,233.0Deg,"QINGDAO, CN",2026-09-23 18:00:00,2026-09-24 12:09:26
2026-09-24 12:13:26,HAIAN EAST,574005100,9363144,XVIV7,Container,At anchor,2-59.518N,104-41.981E,2.991967,104.699683,0.2kn,158.5Deg,Unknown,"SINGAPORE, SG",2026-09-25 12:30:00,2026-09-24 05:29:38
2026-09-24 12:13:34,ITAL USODIMARE,247009600,9196979,IBPO,Container,Under way using engine,2-44.564N,105-13.059E,2.742733,105.21765,13.7kn,21.0Deg,22.0Deg,"QINGDAO, CN",2026-10-01 06:00:00,2026-09-24 05:30:22
2026-09-24 12:31:31,WAN HAI 517,566942000,9457660,9V7583,Container,Under way using engine,4-27.307N,106-05.996E,4.455117,106.099933,15.9kn,36.9Deg,35.0Deg,"KAOHSIUNG, CN",2026-09-28 08:00:00,2026-09-24 07:18:29
2026-09-24 12:31:40,9400186,563123500,9400186,9V3760,Container,Under way using engine,5-28.673N,106-42.625E,5.477883,106.710417,0.8kn,91.3Deg,180.0Deg,CNSHK>SGSIN EBGA,2026-09-27 06:30:00,2026-09-24 05:28:30
2026-09-24 12:31:50,REN JIAN 19,414333000,9280809,BQOJ,Container,Under way using engine,4-41.112N,99-53.961E,4.6852,99.89935,0.8kn,339.7Deg,81.0Deg,"SINGAPORE, SG",2026-09-26 00:01:00,2026-09-24 07:23:03
2026-09-24 12:32:01,MSC DITTE,636017569,9754953,D5LP2,Container,Moored,22-44.289N,69-42.018E,22.73815,69.7003,0kn,26.2Deg,270.0Deg,"KHOR FAKKAN, AE",2026-09-25 00:00:00,2026-09-07 05:13:29
2026-09-24 12:32:11,EVER LEARNED,235098885,9604108,2GNG3,Container,Moored,36-00.551N,120-13.564E,36.009183,120.226067,0kn,318.5Deg,233.0Deg,"QINGDAO, CN",2026-09-23 18:00:00,2026-09-24 12:27:26
2026-09-24 12:32:20,HAIAN EAST,574005100,9363144,XVIV7,Container,At anchor,2-59.518N,104-41.981E,2.991967,104.699683,0.2kn,158.5Deg,Unknown,"SINGAPORE, SG",2026-09-25 12:30:00,2026-09-24 05:29:38
2026-09-24 12:32:30,ITAL USODIMARE,247009600,9196979,IBPO,Container,Under way using engine,2-44.564N,105-13.059E,2.742733,105.21765,13.7kn,21.0Deg,22.0Deg,"QINGDAO, CN",2026-10-01 06:00:00,2026-09-24 05:30:22
2026-09-24 12:36:30,WAN HAI 517,566942000,9457660,9V7583,Container,Under way using engine,4-27.307N,106-05.996E,4.455117,106.099933,15.9kn,36.9Deg,35.0Deg,"KAOHSIUNG, CN",2026-09-28 08:00:00,2026-09-24 07:18:29
2026-09-24 12:36:38,9400186,563123500,9400186,9V3760,Container,Under way using engine,5-28.673N,106-42.625E,5.477883,106.710417,0.8kn,91.3Deg,180.0Deg,CNSHK>SGSIN EBGA,2026-09-27 06:30:00,2026-09-24 05:28:30
2026-09-24 12:36:46,REN JIAN 19,414333000,9280809,BQOJ,Container,Under way using engine,4-41.112N,99-53.961E,4.6852,99.89935,0.8kn,339.7Deg,81.0Deg,"SINGAPORE, SG",2026-09-26 00:01:00,2026-09-24 07:23:03
2026-09-24 12:36:53,MSC DITTE,636017569,9754953,D5LP2,Container,Moored,22-44.289N,69-42.018E,22.73815,69.7003,0kn,26.2Deg,270.0Deg,"KHOR FAKKAN, AE",2026-09-25 00:00:00,2026-09-07 05:13:29
2026-09-24 12:37:02,EVER LEARNED,235098885,9604108,2GNG3,Container,Moored,36-00.545N,120-13.535E,36.009083,120.225583,0kn,113.6Deg,233.0Deg,"QINGDAO, CN",2026-09-23 18:00:00,2026-09-24 12:33:25
2026-09-24 12:37:09,HAIAN EAST,574005100,9363144,XVIV7,Container,At anchor,2-59.518N,104-41.981E,2.991967,104.699683,0.2kn,158.5Deg,Unknown,"SINGAPORE, SG",2026-09-25 12:30:00,2026-09-24 05:29:38
2026-09-24 12:37:17,ITAL USODIMARE,247009600,9196979,IBPO,Container,Under way using engine,2-44.564N,105-13.059E,2.742733,105.21765,13.7kn,21.0Deg,22.0Deg,"QINGDAO, CN",2026-10-01 06:00:00,2026-09-24 05:30:22
2026-09-24 12:41:34,WAN HAI 517,566942000,9457660,9V7583,Container,Under way using engine,4-27.307N,106-05.996E,4.455117,106.099933,15.9kn,36.9Deg,35.0Deg,"KAOHSIUNG, CN",2026-09-28 08:00:00,2026-09-24 07:18:29
2026-09-24 12:41:41,9400186,563123500,9400186,9V3760,Container,Under way using engine,5-28.673N,106-42.625E,5.477883,106.710417,0.8kn,91.3Deg,180.0Deg,CNSHK>SGSIN EBGA,2026-09-27 06:30:00,2026-09-24 05:28:30
2026-09-24 12:41:49,REN JIAN 19,414333000,9280809,BQOJ,Container,Under way using engine,4-41.112N,99-53.961E,4.6852,99.89935,0.8kn,339.7Deg,81.0Deg,"SINGAPORE, SG",2026-09-26 00:01:00,2026-09-24 07:23:03
2026-09-24 12:41:58,MSC DITTE,636017569,9754953,D5LP2,Container,Moored,22-44.289N,69-42.018E,22.73815,69.7003,0kn,26.2Deg,270.0Deg,"KHOR FAKKAN, AE",2026-09-25 00:00:00,2026-09-07 05:13:29
2026-09-24 12:42:06,EVER LEARNED,235098885,9604108,2GNG3,Container,Moored,36-00.539N,120-13.542E,36.008983,120.2257,0kn,36.1Deg,233.0Deg,"QINGDAO, CN",2026-09-23 18:00:00,2026-09-24 12:39:25
2026-09-24 12:42:14,HAIAN EAST,574005100,9363144,XVIV7,Container,At anchor,2-59.518N,104-41.981E,2.991967,104.699683,0.2kn,158.5Deg,Unknown,"SINGAPORE, SG",2026-09-25 12:30:00,2026-09-24 05:29:38
2026-09-24 12:42:22,ITAL USODIMARE,247009600,9196979,IBPO,Container,Under way using engine,2-44.564N,105-13.059E,2.742733,105.21765,13.7kn,21.0Deg,22.0Deg,"QINGDAO, CN",2026-10-01 06:00:00,2026-09-24 05:30:22
2026-09-24 12:46:39,WAN HAI 517,566942000,9457660,9V7583,Container,Under way using engine,4-27.307N,106-05.996E,4.455117,106.099933,15.9kn,36.9Deg,35.0Deg,"KAOHSIUNG, CN",2026-09-28 08:00:00,2026-09-24 07:18:29
2026-09-24 12:46:47,9400186,563123500,9400186,9V3760,Container,Under way using engine,5-28.673N,106-42.625E,5.477883,106.710417,0.8kn,91.3Deg,180.0Deg,CNSHK>SGSIN EBGA,2026-09-27 06:30:00,2026-09-24 05:28:30
2026-09-24 12:46:55,REN JIAN 19,414333000,9280809,BQOJ,Container,Under way using engine,4-41.112N,99-53.961E,4.6852,99.89935,0.8kn,339.7Deg,81.0Deg,"SINGAPORE, SG",2026-09-26 00:01:00,2026-09-24 07:23:03
2026-09-24 12:47:03,MSC DITTE,636017569,9754953,D5LP2,Container,Moored,22-44.289N,69-42.018E,22.73815,69.7003,0kn,26.2Deg,270.0Deg,"KHOR FAKKAN, AE",2026-09-25 00:00:00,2026-09-07 05:13:29
2026-09-24 12:47:11,EVER LEARNED,235098885,9604108,2GNG3,Container,Moored,36-00.552N,120-13.567E,36.0092,120.226117,0kn,259.1Deg,233.0Deg,"QINGDAO, CN",2026-09-23 18:00:00,2026-09-24 12:45:25
2026-09-24 12:47:20,HAIAN EAST,574005100,9363144,XVIV7,Container,At anchor,2-59.518N,104-41.981E,2.991967,104.699683,0.2kn,158.5Deg,Unknown,"SINGAPORE, SG",2026-09-25 15:00:00,2026-09-24 05:29:38
2026-09-24 12:47:28,ITAL USODIMARE,247009600,9196979,IBPO,Container,Under way using engine,2-44.564N,105-13.059E,2.742733,105.21765,13.7kn,21.0Deg,22.0Deg,"QINGDAO, CN",2026-10-01 06:00:00,2026-09-24 05:30:22
2026-09-24 12:51:36,WAN HAI 517,566942000,9457660,9V7583,Container,Under way using engine,4-27.307N,106-05.996E,4.455117,106.099933,15.9kn,36.9Deg,35.0Deg,"KAOHSIUNG, CN",2026-09-28 08:00:00,2026-09-24 07:18:29
2026-09-24 12:51:45,9400186,563123500,9400186,9V3760,Container,Under way using engine,5-28.673N,106-42.625E,5.477883,106.710417,0.8kn,91.3Deg,180.0Deg,CNSHK>SGSIN EBGA,2026-09-27 06:30:00,2026-09-24 05:28:30
2026-09-24 12:51:54,REN JIAN 19,414333000,9280809,BQOJ,Container,Under way using engine,4-41.112N,99-53.961E,4.6852,99.89935,0.8kn,339.7Deg,81.0Deg,"SINGAPORE, SG",2026-09-26 00:01:00,2026-09-24 07:23:03
2026-09-24 12:52:04,MSC DITTE,636017569,9754953,D5LP2,Container,Moored,22-44.289N,69-42.018E,22.73815,69.7003,0kn,26.2Deg,270.0Deg,"KHOR FAKKAN, AE",2026-09-25 00:00:00,2026-09-07 05:13:29
2026-09-24 12:52:14,EVER LEARNED,235098885,9604108,2GNG3,Container,Moored,36-00.550N,120-13.573E,36.009167,120.226217,0kn,297.2Deg,233.0Deg,"QINGDAO, CN",2026-09-23 18:00:00,2026-09-24 12:48:26
2026-09-24 12:52:24,HAIAN EAST,574005100,9363144,XVIV7,Container,At anchor,2-59.518N,104-41.981E,2.991967,104.699683,0.2kn,158.5Deg,Unknown,"SINGAPORE, SG",2026-09-25 15:00:00,2026-09-24 05:29:38
2026-09-24 12:52:34,ITAL USODIMARE,247009600,9196979,IBPO,Container,Under way using engine,2-44.564N,105-13.059E,2.742733,105.21765,13.7kn,21.0Deg,22.0Deg,"QINGDAO, CN",2026-10-01 06:00:00,2026-09-24 05:30:22
2026-09-24 12:56:13,WAN HAI 517,566942000,9457660,9V7583,Container,Under way using engine,4-27.307N,106-05.996E,4.455117,106.099933,15.9kn,36.9Deg,35.0Deg,"KAOHSIUNG, CN",2026-09-28 08:00:00,2026-09-24 07:18:29
2026-09-24 12:56:23,9400186,563123500,9400186,9V3760,Container,Under way using engine,5-28.673N,106-42.625E,5.477883,106.710417,0.8kn,91.3Deg,180.0Deg,CNSHK>SGSIN EBGA,2026-09-27 06:30:00,2026-09-24 05:28:30
2026-09-24 12:56:32,REN JIAN 19,414333000,9280809,BQOJ,Container,Under way using engine,4-41.112N,99-53.961E,4.6852,99.89935,0.8kn,339.7Deg,81.0Deg,"SINGAPORE, SG",2026-09-26 00:01:00,2026-09-24 07:23:03
2026-09-24 12:56:42,MSC DITTE,636017569,9754953,D5LP2,Container,Moored,22-44.289N,69-42.018E,22.73815,69.7003,0kn,26.2Deg,270.0Deg,"KHOR FAKKAN, AE",2026-09-25 00:00:00,2026-09-07 05:13:29
2026-09-24 12:56:52,EVER LEARNED,235098885,9604108,2GNG3,Container,Moored,36-00.551N,120-13.570E,36.009183,120.226167,0kn,311.1Deg,233.0Deg,"KAOHSIUNG, CN",2026-09-24 12:54:00,2026-09-24 12:54:26
2026-09-24 12:57:01,HAIAN EAST,574005100,9363144,XVIV7,Container,At anchor,2-59.518N,104-41.981E,2.991967,104.699683,0.2kn,158.5Deg,Unknown,"SINGAPORE, SG",2026-09-25 15:00:00,2026-09-24 05:29:38
2026-09-24 12:57:11,ITAL USODIMARE,247009600,9196979,IBPO,Container,Under way using engine,2-44.564N,105-13.059E,2.742733,105.21765,13.7kn,21.0Deg,22.0Deg,"QINGDAO, CN",2026-10-01 06:00:00,2026-09-24 05:30:22
2026-09-24 14:02:15,WAN HAI 517,566942000,9457660,9V7583,Container,Under way using engine,4-27.307N,106-05.996E,4.455117,106.099933,15.9kn,36.9Deg,35.0Deg,"KAOHSIUNG, CN",2026-09-28 08:00:00,2026-09-24 07:18:29
2026-09-24 14:02:25,9400186,563123500,9400186,9V3760,Container,Under way using engine,5-28.673N,106-42.625E,5.477883,106.710417,0.8kn,91.3Deg,180.0Deg,CNSHK>SGSIN EBGA,2026-09-27 06:30:00,2026-09-24 05:28:30
2026-09-24 14:02:34,REN JIAN 19,414333000,9280809,BQOJ,Container,Under way using engine,4-41.112N,99-53.961E,4.6852,99.89935,0.8kn,339.7Deg,81.0Deg,"SINGAPORE, SG",2026-09-26 00:01:00,2026-09-24 07:23:03
2026-09-24 14:02:43,MSC DITTE,636017569,9754953,D5LP2,Container,Moored,22-44.289N,69-42.018E,22.73815,69.7003,0kn,26.2Deg,270.0Deg,"KHOR FAKKAN, AE",2026-09-25 00:00:00,2026-09-07 05:13:29
2026-09-24 14:02:52,EVER LEARNED,235098885,9604108,2GNG3,Container,Moored,36-00.543N,120-13.555E,36.00905,120.225917,0kn,211.7Deg,233.0Deg,"KAOHSIUNG, CN",2026-09-27 08:30:00,2026-09-24 13:57:26
2026-09-24 14:03:01,HAIAN EAST,574005100,9363144,XVIV7,Container,At anchor,2-59.518N,104-41.981E,2.991967,104.699683,0.2kn,158.5Deg,Unknown,"SINGAPORE, SG",2026-09-25 15:00:00,2026-09-24 05:29:38
2026-09-24 14:03:09,ITAL USODIMARE,247009600,9196979,IBPO,Container,Under way using engine,2-44.564N,105-13.059E,2.742733,105.21765,13.7kn,21.0Deg,22.0Deg,"QINGDAO, CN",2026-10-01 06:00:00,2026-09-24 05:30:22
2026-09-24 14:38:11,WAN HAI 517,566942000,9457660,9V7583,Container,Under way using engine,4-27.307N,106-05.996E,4.455117,106.099933,15.9kn,36.9Deg,35.0Deg,"KAOHSIUNG, CN",2026-09-28 08:00:00,2026-09-24 07:18:29
2026-09-24 14:38:19,9400186,563123500,9400186,9V3760,Container,Under way using engine,5-28.673N,106-42.625E,5.477883,106.710417,0.8kn,91.3Deg,180.0Deg,CNSHK>SGSIN EBGA,2026-09-27 06:30:00,2026-09-24 05:28:30
2026-09-24 14:38:27,REN JIAN 19,414333000,9280809,BQOJ,Container,Under way using engine,4-41.112N,99-53.961E,4.6852,99.89935,0.8kn,339.7Deg,81.0Deg,"SINGAPORE, SG",2026-09-26 00:01:00,2026-09-24 07:23:03
2026-09-24 14:38:35,MSC DITTE,636017569,9754953,D5LP2,Container,Moored,22-44.289N,69-42.018E,22.73815,69.7003,0kn,26.2Deg,270.0Deg,"KHOR FAKKAN, AE",2026-09-25 00:00:00,2026-09-07 05:13:29
2026-09-24 14:38:43,EVER LEARNED,235098885,9604108,2GNG3,Container,Moored,36-00.540N,120-13.570E,36.009,120.226167,0.1kn,92.8Deg,233.0Deg,"KAOHSIUNG, CN",2026-09-27 08:30:00,2026-09-24 14:30:26
2026-09-24 14:38:52,HAIAN EAST,574005100,9363144,XVIV7,Container,At anchor,2-59.518N,104-41.981E,2.991967,104.699683,0.2kn,158.5Deg,Unknown,"SINGAPORE, SG",2026-09-25 15:00:00,2026-09-24 05:29:38
2026-09-24 14:39:00,ITAL USODIMARE,247009600,9196979,IBPO,Container,Under way using engine,2-44.564N,105-13.059E,2.742733,105.21765,13.7kn,21.0Deg,22.0Deg,"QINGDAO, CN",2026-10-01 06:00:00,2026-09-24 05:30:22
2026-09-24 16:02:14,WAN HAI 517,566942000,9457660,9V7583,Container,Under way using engine,6-20.688N,107-26.647E,6.3448,107.444117,15.9kn,38.1Deg,38.0Deg,"KAOHSIUNG, CN",2026-09-28 08:00:00,2026-09-24 16:02:05
2026-09-24 16:02:24,9400186,563123500,9400186,9V3760,Container,Under way using engine,5-30.125N,106-45.026E,5.502083,106.750433,0.8kn,201.5Deg,212.0Deg,CNSHK>SGSIN EBGA,2026-09-27 06:30:00,2026-09-24 16:02:12
2026-09-24 16:02:34,REN JIAN 19,414333000,9280809,BQOJ,Container,Under way using engine,4-27.892N,99-55.163E,4.464867,99.919383,0.5kn,69.3Deg,254.0Deg,"SINGAPORE, SG",2026-09-26 00:01:00,2026-09-24 16:02:14
2026-09-24 16:02:44,MSC DITTE,636017569,9754953,D5LP2,Container,Moored,22-44.289N,69-42.018E,22.73815,69.7003,0kn,26.2Deg,270.0Deg,"KHOR FAKKAN, AE",2026-09-25 00:00:00,2026-09-07 05:13:29
2026-09-24 16:02:54,EVER LEARNED,235098885,9604108,2GNG3,Container,Moored,36-00.538N,120-13.565E,36.008967,120.226083,0.2kn,175.9Deg,233.0Deg,"KAOHSIUNG, CN",2026-09-27 08:30:00,2026-09-24 16:00:26
2026-09-24 16:03:03,HAIAN EAST,574005100,9363144,XVIV7,Container,At anchor,2-59.526N,104-41.990E,2.9921,104.699833,0.1kn,311.0Deg,Unknown,"SINGAPORE, SG",2026-09-25 15:00:00,2026-09-24 15:55:54
2026-09-24 16:03:14,ITAL USODIMARE,247009600,9196979,IBPO,Container,Under way using engine,4-48.921N,106-28.747E,4.81535,106.479117,13.9kn,18.0Deg,20.0Deg,"QINGDAO, CN",2026-10-01 06:00:00,2026-09-24 16:01:44
2026-09-24 18:02:06,WAN HAI 517,566942000,9457660,9V7583,Container,Under way using engine,6-44.111N,107-44.382E,6.735183,107.7397,15.9kn,39.5Deg,40.0Deg,"KAOHSIUNG, CN",2026-09-28 08:00:00,2026-09-24 17:54:57
2026-09-24 18:02:14,9400186,563123500,9400186,9V3760,Container,Under way using engine,5-30.503N,106-44.341E,5.508383,106.739017,0.4kn,308.4Deg,192.0Deg,CNSHK>SGSIN EBGA,2026-09-27 06:30:00,2026-09-24 18:02:01
2026-09-24 18:02:22,REN JIAN 19,414333000,9280809,BQOJ,Container,Under way using engine,4-27.969N,99-56.410E,4.46615,99.940167,0.6kn,90.5Deg,Unknown,"SINGAPORE, SG",2026-09-26 00:01:00,2026-09-24 17:57:06
2026-09-24 18:02:30,MSC DITTE,636017569,9754953,D5LP2,Container,Moored,22-44.289N,69-42.018E,22.73815,69.7003,0kn,26.2Deg,270.0Deg,"KHOR FAKKAN, AE",2026-09-25 00:00:00,2026-09-07 05:13:29
2026-09-24 18:02:38,EVER LEARNED,235098885,9604108,2GNG3,Container,Moored,36-00.542N,120-13.568E,36.009033,120.226133,0kn,112.6Deg,233.0Deg,"KAOHSIUNG, CN",2026-09-27 08:30:00,2026-09-24 18:00:26
2026-09-24 18:02:47,HAIAN EAST,574005100,9363144,XVIV7,Container,At anchor,2-59.523N,104-41.984E,2.99205,104.699733,0.1kn,151.2Deg,Unknown,"SINGAPORE, SG",2026-09-25 15:00:00,2026-09-24 17:57:09
2026-09-24 18:02:54,ITAL USODIMARE,247009600,9196979,IBPO,Container,Under way using engine,5-16.066N,106-37.716E,5.267767,106.6286,14.2kn,15.0Deg,22.0Deg,"QINGDAO, CN",2026-10-01 06:00:00,2026-09-24 18:02:46
2026-09-24 18:39:37,WAN HAI 517,566942000,9457660,9V7583,Container,Under way using engine,6-53.843N,107-51.426E,6.897383,107.8571,15.8kn,39.4Deg,40.0Deg,"KAOHSIUNG, CN",2026-09-28 08:00:00,2026-09-24 18:38:22
2026-09-24 18:39:45,9400186,563123500,9400186,9V3760,Container,Under way using engine,5-30.664N,106-44.165E,5.511067,106.736083,0.3kn,311.9Deg,214.0Deg,CNSHK>SGSIN EBGA,2026-09-27 06:30:00,2026-09-24 18:39:30
2026-09-24 18:39:53,REN JIAN 19,414333000,9280809,BQOJ,Container,Under way using engine,4-28.107N,99-56.768E,4.46845,99.946133,0.6kn,60.7Deg,234.0Deg,"SINGAPORE, SG",2026-09-26 00:01:00,2026-09-24 18:37:03
2026-09-24 18:40:03,MSC DITTE,636017569,9754953,D5LP2,Container,Moored,22-44.289N,69-42.018E,22.73815,69.7003,0kn,26.2Deg,270.0Deg,"KHOR FAKKAN, AE",2026-09-25 00:00:00,2026-09-07 05:13:29
2026-09-24 18:40:11,EVER LEARNED,235098885,9604108,2GNG3,Container,Under way using engine,36-00.586N,120-13.453E,36.009767,120.224217,1.3kn,261.2Deg,274.0Deg,"KAOHSIUNG, CN",2026-09-27 08:30:00,2026-09-24 18:39:56
2026-09-24 18:40:19,HAIAN EAST,574005100,9363144,XVIV7,Container,At anchor,2-59.519N,104-41.976E,2.991983,104.6996,0.3kn,146.3Deg,Unknown,"SINGAPORE, SG",2026-09-25 15:00:00,2026-09-24 18:37:33
2026-09-24 18:40:26,ITAL USODIMARE,247009600,9196979,IBPO,Container,Under way using engine,5-24.089N,106-41.523E,5.401483,106.69205,14.2kn,17.0Deg,20.0Deg,"QINGDAO, CN",2026-10-01 06:00:00,2026-09-24 18:40:16
2026-09-24 20:02:09,WAN HAI 517,566942000,9457660,9V7583,Container,Under way using engine,7-12.236N,108-03.601E,7.203933,108.060017,15.9kn,29.6Deg,30.0Deg,"KAOHSIUNG, CN",2026-09-28 08:00:00,2026-09-24 20:01:28
2026-09-24 20:02:18,9400186,563123500,9400186,9V3760,Container,Under way using engine,5-30.834N,106-43.867E,5.5139,106.731117,0.9kn,240.7Deg,228.0Deg,CNSHK>SGSIN EBGA,2026-09-27 06:30:00,2026-09-24 19:56:50
2026-09-24 20:02:26,REN JIAN 19,414333000,9280809,BQOJ,Container,Under way using engine,4-28.678N,99-57.376E,4.477967,99.956267,0.6kn,33.0Deg,Unknown,"SINGAPORE, SG",2026-09-26 00:01:00,2026-09-24 19:58:07
2026-09-24 20:02:34,MSC DITTE,636017569,9754953,D5LP2,Container,Moored,22-44.289N,69-42.018E,22.73815,69.7003,0kn,26.2Deg,270.0Deg,"KHOR FAKKAN, AE",2026-09-25 00:00:00,2026-09-07 05:13:29
2026-09-24 20:02:42,EVER LEARNED,235098885,9604108,2GNG3,Container,Under way using engine,35-59.635N,120-26.567E,35.993917,120.442783,12.6kn,106.6Deg,104.0Deg,"KAOHSIUNG, CN",2026-09-27 08:30:00,2026-09-24 20:02:26
2026-09-24 20:02:50,HAIAN EAST,574005100,9363144,XVIV7,Container,At anchor,2-59.521N,104-41.961E,2.992017,104.69935,0.1kn,12.9Deg,Unknown,"SINGAPORE, SG",2026-09-25 15:00:00,2026-09-24 19:58:03
2026-09-24 20:02:58,ITAL USODIMARE,247009600,9196979,IBPO,Container,Under way using engine,5-41.943N,106-46.403E,5.69905,106.773383,13.8kn,18.0Deg,21.0Deg,"QINGDAO, CN",2026-10-01 06:00:00,2026-09-24 19:58:54
2026-09-24 21:48:05,WAN HAI 517,566942000,9457660,9V7583,Container,Under way using engine,7-34.146N,108-21.029E,7.5691,108.350483,15.7kn,45.9Deg,46.0Deg,"KAOHSIUNG, CN",2026-09-28 08:00:00,2026-09-24 21:47:35
2026-09-24 21:48:13,9400186,563123500,9400186,9V3760,Container,Under way using engine,5-30.627N,106-43.089E,5.51045,106.71815,0.2kn,317.9Deg,252.0Deg,CNSHK>SGSIN EBGA,2026-09-27 06:30:00,2026-09-24 21:45:20
2026-09-24 21:48:22,REN JIAN 19,414333000,9280809,BQOJ,Container,Under way using engine,4-30.090N,99-57.501E,4.5015,99.95835,1.2kn,352.7Deg,Unknown,"SINGAPORE, SG",2026-09-26 00:01:00,2026-09-24 21:41:09
2026-09-24 21:48:30,MSC DITTE,636017569,9754953,D5LP2,Container,Moored,22-44.289N,69-42.018E,22.73815,69.7003,0kn,26.2Deg,270.0Deg,"KHOR FAKKAN, AE",2026-09-25 00:00:00,2026-09-07 05:13:29
2026-09-24 21:48:39,EVER LEARNED,235098885,9604108,2GNG3,Container,Under way using engine,35-51.159N,120-48.570E,35.85265,120.8095,14.4kn,154.0Deg,153.0Deg,"KAOHSIUNG, CN",2026-09-27 08:30:00,2026-09-24 21:48:26
2026-09-24 21:48:47,HAIAN EAST,574005100,9363144,XVIV7,Container,At anchor,2-59.492N,104-41.916E,2.991533,104.6986,0.1kn,169.3Deg,Unknown,"SINGAPORE, SG",2026-09-25 15:00:00,2026-09-24 21:44:10
2026-09-24 21:48:55,ITAL USODIMARE,247009600,9196979,IBPO,Container,Under way using engine,5-47.862N,106-48.389E,5.7977,106.806483,13.9kn,18.0Deg,21.0Deg,"QINGDAO, CN",2026-10-01 06:00:00,2026-09-24 20:25:50
2026-09-24 22:02:10,WAN HAI 517,566942000,9457660,9V7583,Container,Under way using engine,7-36.809N,108-23.549E,7.613483,108.392483,15.6kn,41.7Deg,42.0Deg,"KAOHSIUNG, CN",2026-09-28 08:00:00,2026-09-24 22:01:35
2026-09-24 22:02:18,9400186,563123500,9400186,9V3760,Container,Under way using engine,5-30.657N,106-43.062E,5.51095,106.7177,0.1kn,320.4Deg,259.0Deg,CNSHK>SGSIN EBGA,2026-09-27 06:30:00,2026-09-24 22:00:51
2026-09-24 22:02:26,REN JIAN 19,414333000,9280809,BQOJ,Container,Under way using engine,4-30.427N,99-57.456E,4.507117,99.9576,1.3kn,351.6Deg,Unknown,"SINGAPORE, SG",2026-09-26 00:01:00,2026-09-24 21:56:19
2026-09-24 22:02:33,MSC DITTE,636017569,9754953,D5LP2,Container,Moored,22-44.289N,69-42.018E,22.73815,69.7003,0kn,26.2Deg,270.0Deg,"KHOR FAKKAN, AE",2026-09-25 00:00:00,2026-09-07 05:13:29
2026-09-24 22:02:42,EVER LEARNED,235098885,9604108,2GNG3,Container,Under way using engine,35-48.223N,120-50.438E,35.803717,120.840633,14.2kn,152.2Deg,154.0Deg,"KAOHSIUNG, CN",2026-09-27 08:30:00,2026-09-24 22:02:14
2026-09-24 22:02:51,HAIAN EAST,574005100,9363144,XVIV7,Container,At anchor,2-59.503N,104-41.925E,2.991717,104.69875,0.3kn,135.7Deg,Unknown,"SINGAPORE, SG",2026-09-25 15:00:00,2026-09-24 21:54:12
2026-09-24 22:02:59,ITAL USODIMARE,247009600,9196979,IBPO,Container,Under way using engine,5-47.862N,106-48.389E,5.7977,106.806483,13.9kn,18.0Deg,21.0Deg,"QINGDAO, CN",2026-10-01 06:00:00,2026-09-24 20:25:50
2026-09-25 00:02:11,WAN HAI 517,566942000,9457660,9V7583,Container,Under way using engine,8-03.172N,108-39.750E,8.052867,108.6625,15.7kn,25.9Deg,26.0Deg,"KAOHSIUNG, CN",2026-09-28 08:00:00,2026-09-24 23:59:00
2026-09-25 00:02:19,9400186,563123500,9400186,9V3760,Container,Under way using engine,5-31.115N,106-43.166E,5.518583,106.719433,1.4kn,286.2Deg,266.0Deg,CNSHK>SGSIN EBGA,2026-09-27 06:30:00,2026-09-25 00:01:09
2026-09-25 00:02:27,REN JIAN 19,414333000,9280809,BQOJ,Container,Under way using engine,4-33.751N,99-56.619E,4.562517,99.94365,2.0kn,347.1Deg,Unknown,"SINGAPORE, SG",2026-09-26 00:01:00,2026-09-24 23:57:34
2026-09-25 00:02:35,MSC DITTE,636017569,9754953,D5LP2,Container,Moored,22-44.289N,69-42.018E,22.73815,69.7003,0kn,26.2Deg,270.0Deg,"KHOR FAKKAN, AE",2026-09-25 00:00:00,2026-09-07 05:13:29
2026-09-25 00:02:42,EVER LEARNED,235098885,9604108,2GNG3,Container,Under way using engine,35-24.420N,121-10.063E,35.407,121.167717,16.8kn,168.6Deg,Unknown,"KAOHSIUNG, CN",2026-09-27 08:30:00,2026-09-24 23:56:43
2026-09-25 00:02:51,HAIAN EAST,574005100,9363144,XVIV7,Container,At anchor,2-59.504N,104-41.938E,2.991733,104.698967,0.1kn,176.1Deg,Unknown,"SINGAPORE, SG",2026-09-25 15:00:00,2026-09-24 23:54:22
2026-09-25 00:02:58,ITAL USODIMARE,247009600,9196979,IBPO,Container,Under way using engine,5-47.862N,106-48.389E,5.7977,106.806483,13.9kn,18.0Deg,21.0Deg,"QINGDAO, CN",2026-10-01 06:00:00,2026-09-24 20:25:50
2026-09-25 00:12:19,WAN HAI 517,566942000,9457660,9V7583,Container,Under way using engine,8-03.172N,108-39.750E,8.052867,108.6625,15.7kn,25.9Deg,26.0Deg,"KAOHSIUNG, CN",2026-09-28 08:00:00,2026-09-24 23:59:00
2026-09-25 00:12:26,9400186,563123500,9400186,9V3760,Container,Under way using engine,5-31.136N,106-42.995E,5.518933,106.716583,0.9kn,267.9Deg,244.0Deg,CNSHK>SGSIN EBGA,2026-09-27 06:30:00,2026-09-25 00:10:00
2026-09-25 00:12:35,REN JIAN 19,414333000,9280809,BQOJ,Container,Under way using engine,4-33.751N,99-56.619E,4.562517,99.94365,2.0kn,347.1Deg,Unknown,"SINGAPORE, SG",2026-09-26 00:01:00,2026-09-25 00:02:39
2026-09-25 00:12:44,MSC DITTE,636017569,9754953,D5LP2,Container,Moored,22-44.289N,69-42.018E,22.73815,69.7003,0kn,26.2Deg,270.0Deg,"KHOR FAKKAN, AE",2026-09-25 00:00:00,2026-09-07 05:13:29
2026-09-25 00:12:52,EVER LEARNED,235098885,9604108,2GNG3,Container,Under way using engine,35-21.245N,121-11.202E,35.354083,121.1867,16.8kn,145.1Deg,145.0Deg,"KAOHSIUNG, CN",2026-09-27 08:30:00,2026-09-25 00:08:21
2026-09-25 00:13:00,HAIAN EAST,574005100,9363144,XVIV7,Container,At anchor,2-59.509N,104-41.947E,2.991817,104.699117,0.1kn,156.6Deg,Unknown,"SINGAPORE, SG",2026-09-25 15:00:00,2026-09-25 00:09:23
2026-09-25 00:13:08,ITAL USODIMARE,247009600,9196979,IBPO,Container,Under way using engine,5-47.862N,106-48.389E,5.7977,106.806483,13.9kn,18.0Deg,21.0Deg,"QINGDAO, CN",2026-10-01 06:00:00,2026-09-24 20:25:50
2026-09-25 02:02:04,WAN HAI 517,566942000,9457660,9V7583,Container,Under way using engine,8-23.650N,108-56.734E,8.394167,108.945567,15.8kn,36.9Deg,38.0Deg,"KAOHSIUNG, CN",2026-09-28 08:00:00,2026-09-25 01:39:11
2026-09-25 02:02:12,9400186,563123500,9400186,9V3760,Container,Under way using engine,5-31.291N,106-42.617E,5.521517,106.710283,0.3kn,25.6Deg,256.0Deg,CNSHK>SGSIN EBGA,2026-09-27 06:30:00,2026-09-25 01:59:41
2026-09-25 02:02:20,REN JIAN 19,414333000,9280809,BQOJ,Container,Under way using engine,4-37.425N,99-55.727E,4.62375,99.928783,1.4kn,351.7Deg,Unknown,"SINGAPORE, SG",2026-09-26 00:01:00,2026-09-25 01:58:27
2026-09-25 02:02:28,MSC DITTE,636017569,9754953,D5LP2,Container,Moored,22-44.289N,69-42.018E,22.73815,69.7003,0kn,26.2Deg,270.0Deg,"KHOR FAKKAN, AE",2026-09-25 00:00:00,2026-09-07 05:13:29
2026-09-25 02:02:36,EVER LEARNED,235098885,9604108,2GNG3,Container,Under way using engine,34-59.734N,121-38.974E,34.995567,121.649567,17.3kn,166.3Deg,Unknown,"KAOHSIUNG, CN",2026-09-27 08:30:00,2026-09-25 02:00:01
2026-09-25 02:02:43,HAIAN EAST,574005100,9363144,XVIV7,Container,Under way using engine,2-59.428N,104-41.985E,2.990467,104.69975,0.2kn,322.4Deg,189.0Deg,"SINGAPORE, SG",2026-09-25 15:00:00,2026-09-25 01:50:41
2026-09-25 02:02:51,ITAL USODIMARE,247009600,9196979,IBPO,Container,Under way using engine,7-09.316N,107-14.988E,7.155267,107.2498,18.0kn,20.0Deg,22.0Deg,"QINGDAO, CN",2026-10-01 06:00:00,2026-09-25 02:01:48
2026-09-25 04:01:59,WAN HAI 517,566942000,9457660,9V7583,Container,Under way using engine,8-51.111N,109-19.438E,8.85185,109.323967,14.6kn,42.5Deg,44.0Deg,"KAOHSIUNG, CN",2026-09-29 20:40:00,2026-09-25 04:00:12
2026-09-25 04:02:08,9400186,563123500,9400186,9V3760,Container,Under way using engine,5-31.668N,106-43.010E,5.5278,106.716833,0.4kn,41.0Deg,242.0Deg,CNSHK>SGSIN EBGA,2026-09-27 06:30:00,2026-09-25 03:26:32
2026-09-25 04:02:18,REN JIAN 19,414333000,9280809,BQOJ,Container,Under way using engine,4-39.201N,99-55.830E,4.65335,99.9305,0.6kn,20.7Deg,Unknown,"SINGAPORE, SG",2026-09-26 00:01:00,2026-09-25 03:52:05
2026-09-25 04:02:29,MSC DITTE,636017569,9754953,D5LP2,Container,Moored,22-44.289N,69-42.018E,22.73815,69.7003,0kn,26.2Deg,270.0Deg,"KHOR FAKKAN, AE",2026-09-25 00:00:00,2026-09-07 05:13:29
2026-09-25 04:02:39,EVER LEARNED,235098885,9604108,2GNG3,Container,Under way using engine,34-44.213N,122-11.128E,34.736883,122.185467,16.7kn,136.1Deg,Unknown,"KAOHSIUNG, CN",2026-09-27 08:30:00,2026-09-25 03:57:05
2026-09-25 04:02:49,HAIAN EAST,574005100,9363144,XVIV7,Container,Under way using engine,2-37.128N,104-35.697E,2.6188,104.59495,11.5kn,176.6Deg,175.0Deg,"SINGAPORE, SG",2026-09-25 15:00:00,2026-09-25 04:02:11
2026-09-25 04:02:59,ITAL USODIMARE,247009600,9196979,IBPO,Container,Under way using engine,7-32.317N,107-30.060E,7.538617,107.501,14.2kn,38.0Deg,Unknown,"QINGDAO, CN",2026-10-01 06:00:00,2026-09-25 03:48:05
2026-09-25 05:02:28,WAN HAI 517,566942000,9457660,9V7583,Container,Under way using engine,9-02.326N,109-29.644E,9.038767,109.494067,14.7kn,41.0Deg,43.0Deg,"KAOHSIUNG, CN",2026-09-29 20:40:00,2026-09-25 05:02:04
2026-09-25 05:02:36,9400186,563123500,9400186,9V3760,Container,Under way using engine,5-31.849N,106-42.861E,5.530817,106.71435,0.1kn,313.5Deg,238.0Deg,"SHEKOU, CN",2026-09-27 06:30:00,2026-09-25 04:57:40
2026-09-25 05:02:46,REN JIAN 19,414333000,9280809,BQOJ,Container,Under way using engine,4-39.879N,99-56.357E,4.66465,99.939283,1.0kn,51.9Deg,Unknown,"SINGAPORE, SG",2026-09-26 00:01:00,2026-09-25 04:58:50
2026-09-25 05:02:54,MSC DITTE,636017569,9754953,D5LP2,Container,Moored,22-44.289N,69-42.018E,22.73815,69.7003,0kn,26.2Deg,270.0Deg,"KHOR FAKKAN, AE",2026-09-25 00:00:00,2026-09-07 05:13:29
2026-09-25 05:03:02,EVER LEARNED,235098885,9604108,2GNG3,Container,Under way using engine,34-34.112N,122-22.968E,34.568533,122.3828,16.7kn,134.0Deg,Unknown,"KAOHSIUNG, CN",2026-09-27 08:30:00,2026-09-25 04:48:00
2026-09-25 05:03:09,HAIAN EAST,574005100,9363144,XVIV7,Container,Under way using engine,2-26.036N,104-38.641E,2.433933,104.644017,11.6kn,179.2Deg,179.0Deg,"SINGAPORE, SG",2026-09-25 15:00:00,2026-09-25 05:01:21
2026-09-25 05:03:17,ITAL USODIMARE,247009600,9196979,IBPO,Container,Under way using engine,7-32.317N,107-30.060E,7.538617,107.501,14.2kn,38.0Deg,Unknown,"QINGDAO, CN",2026-10-01 06:00:00,2026-09-25 03:48:05
2026-09-25 06:02:06,WAN HAI 517,566942000,9457660,9V7583,Container,Under way using engine,9-13.793N,109-38.962E,9.229883,109.649367,14.9kn,37.6Deg,40.0Deg,"KAOHSIUNG, CN",2026-09-29 20:40:00,2026-09-25 06:01:35
2026-09-25 06:02:14,9400186,563123500,9400186,9V3760,Container,Under way using engine,5-31.967N,106-42.805E,5.532783,106.713417,0.1kn,349.2Deg,235.0Deg,CNSHK>SGSIN EBGA,2026-09-27 06:30:00,2026-09-25 05:48:22
2026-09-25 06:02:23,REN JIAN 19,414333000,9280809,BQOJ,Container,Under way using engine,4-40.233N,99-57.213E,4.67055,99.95355,1.1kn,81.6Deg,Unknown,"SINGAPORE, SG",2026-09-29 05:00:00,2026-09-25 05:52:16
2026-09-25 06:02:30,MSC DITTE,636017569,9754953,D5LP2,Container,Moored,22-44.289N,69-42.018E,22.73815,69.7003,0kn,26.2Deg,270.0Deg,"KHOR FAKKAN, AE",2026-09-25 00:00:00,2026-09-07 05:13:29
2026-09-25 06:02:38,EVER LEARNED,235098885,9604108,2GNG3,Container,Under way using engine,34-19.763N,122-40.348E,34.329383,122.672467,17.2kn,139.5Deg,Unknown,"KAOHSIUNG, CN",2026-09-27 08:30:00,2026-09-25 05:59:15
2026-09-25 06:02:46,HAIAN EAST,574005100,9363144,XVIV7,Container,Under way using engine,2-14.260N,104-38.239E,2.237667,104.637317,11.7kn,188.2Deg,188.0Deg,"SINGAPORE, SG",2026-09-25 15:00:00,2026-09-25 06:01:12
2026-09-25 06:02:55,ITAL USODIMARE,247009600,9196979,IBPO,Container,Under way using engine,7-56.204N,107-49.564E,7.936733,107.826067,14.5kn,35.0Deg,Unknown,"QINGDAO, CN",2026-10-01 06:00:00,2026-09-25 05:59:22
2026-09-25 08:02:00,WAN HAI 517,566942000,9457660,9V7583,Container,Under way using engine,9-37.024N,109-57.522E,9.617067,109.9587,14.6kn,42.0Deg,43.0Deg,"KAOHSIUNG, CN",2026-09-29 20:40:00,2026-09-25 08:01:11
2026-09-25 08:02:07,9400186,563123500,9400186,9V3760,Container,Under way using engine,5-32.323N,106-42.888E,5.538717,106.7148,0.2kn,5.3Deg,240.0Deg,CNSHK>SGSIN EBGA,2026-09-27 06:30:00,2026-09-25 07:49:11
2026-09-25 08:02:15,REN JIAN 19,414333000,9280809,BQOJ,Container,Under way using engine,4-40.530N,99-58.089E,4.6755,99.96815,0.8kn,67.8Deg,273.0Deg,"SINGAPORE, SG",2026-09-28 17:00:00,2026-09-25 06:45:34
2026-09-25 08:02:24,MSC DITTE,636017569,9754953,D5LP2,Container,Moored,22-44.289N,69-42.018E,22.73815,69.7003,0kn,26.2Deg,270.0Deg,"KHOR FAKKAN, AE",2026-09-25 00:00:00,2026-09-07 05:13:29
2026-09-25 08:02:32,EVER LEARNED,235098885,9604108,2GNG3,Container,Under way using engine,33-55.886N,123-10.444E,33.931433,123.174067,18.2kn,125.0Deg,Unknown,"KAOHSIUNG, CN",2026-09-27 08:30:00,2026-09-25 07:56:25
2026-09-25 08:02:40,HAIAN EAST,574005100,9363144,XVIV7,Container,Under way using engine,1-51.165N,104-34.915E,1.85275,104.581917,10.6kn,182.3Deg,182.0Deg,SGSIN PEBGA,2026-09-25 15:00:00,2026-09-25 08:02:10
2026-09-25 08:02:49,ITAL USODIMARE,247009600,9196979,IBPO,Container,Under way using engine,8-19.231N,108-07.469E,8.320517,108.124483,14.4kn,37.0Deg,38.0Deg,"QINGDAO, CN",2026-10-01 06:00:00,2026-09-25 08:00:00
2026-09-25 10:02:01,WAN HAI 517,566942000,9457660,9V7583,Container,Under way using engine,9-49.978N,110-08.882E,9.832967,110.148033,14.6kn,38.5Deg,39.0Deg,"KAOHSIUNG, CN",2026-09-29 20:40:00,2026-09-25 09:12:00
2026-09-25 10:02:11,9400186,563123500,9400186,9V3760,Container,Under way using engine,5-32.040N,106-42.024E,5.534,106.7004,0.3kn,270.1Deg,Unknown,CNSHK>SGSIN EBGA,2026-09-27 06:30:00,2026-09-25 09:50:58
2026-09-25 10:02:21,REN JIAN 19,414333000,9280809,BQOJ,Container,Under way using engine,4-19.313N,99-55.616E,4.321883,99.926933,0.9kn,55.3Deg,133.0Deg,"SINGAPORE, SG",2026-09-28 17:00:00,2026-09-25 10:01:34
2026-09-25 10:02:31,MSC DITTE,636017569,9754953,D5LP2,Container,Moored,22-44.289N,69-42.018E,22.73815,69.7003,0kn,26.2Deg,270.0Deg,"KHOR FAKKAN, AE",2026-09-25 00:00:00,2026-09-07 05:13:29
2026-09-25 10:02:40,EVER LEARNED,235098885,9604108,2GNG3,Container,Under way using engine,33-27.042N,123-32.869E,33.4507,123.547817,18.6kn,175.1Deg,Unknown,"KAOHSIUNG, CN",2026-09-27 08:30:00,2026-09-25 09:53:26
2026-09-25 10:02:50,HAIAN EAST,574005100,9363144,XVIV7,Container,Under way using engine,1-30.825N,104-31.578E,1.51375,104.5263,10.4kn,195.3Deg,192.0Deg,SGSIN PEBGA,2026-09-25 15:00:00,2026-09-25 10:02:42
2026-09-25 10:03:00,ITAL USODIMARE,247009600,9196979,IBPO,Container,Under way using engine,8-39.988N,108-23.321E,8.666467,108.388683,14.1kn,35.0Deg,Unknown,"QINGDAO, CN",2026-10-01 06:00:00,2026-09-25 09:49:59
2026-09-25 10:14:42,WAN HAI 517,566942000,9457660,9V7583,Container,Under way using engine,9-49.978N,110-08.882E,9.832967,110.148033,14.6kn,38.5Deg,39.0Deg,"KAOHSIUNG, CN",2026-09-29 20:40:00,2026-09-25 09:12:00
2026-09-25 10:14:52,9400186,563123500,9400186,9V3760,Container,Under way using engine,5-32.044N,106-41.952E,5.534067,106.6992,0.4kn,276.7Deg,Unknown,CNSHK>SGSIN EBGA,2026-09-27 06:30:00,2026-09-25 10:00:59
2026-09-25 10:15:02,REN JIAN 19,414333000,9280809,BQOJ,Container,Under way using engine,4-19.408N,99-55.664E,4.323467,99.927733,0.6kn,342.9Deg,158.0Deg,"SINGAPORE, SG",2026-09-28 17:00:00,2026-09-25 10:14:33
2026-09-25 10:15:13,MSC DITTE,636017569,9754953,D5LP2,Container,Moored,22-44.289N,69-42.018E,22.73815,69.7003,0kn,26.2Deg,270.0Deg,"KHOR FAKKAN, AE",2026-09-25 00:00:00,2026-09-07 05:13:29
2026-09-25 10:15:22,EVER LEARNED,235098885,9604108,2GNG3,Container,Under way using engine,33-22.773N,123-34.844E,33.37955,123.580733,18.7kn,160.3Deg,Unknown,"KAOHSIUNG, CN",2026-09-27 08:30:00,2026-09-25 10:08:47
2026-09-25 10:15:32,HAIAN EAST,574005100,9363144,XVIV7,Container,Under way using engine,1-28.895N,104-30.766E,1.481583,104.512767,8.3kn,219.4Deg,216.0Deg,SGSIN PEBGA,2026-09-25 15:00:00,2026-09-25 10:15:22
2026-09-25 10:15:42,ITAL USODIMARE,247009600,9196979,IBPO,Container,Under way using engine,8-39.988N,108-23.321E,8.666467,108.388683,14.1kn,35.0Deg,Unknown,"QINGDAO, CN",2026-10-01 06:00:00,2026-09-25 09:49:59
2026-09-25 12:02:04,WAN HAI 517,566942000,9457660,9V7583,Container,Under way using engine,9-49.978N,110-08.882E,9.832967,110.148033,14.6kn,38.5Deg,39.0Deg,"KAOHSIUNG, CN",2026-09-29 20:40:00,2026-09-25 09:12:00
2026-09-25 12:02:13,9400186,563123500,9400186,9V3760,Container,Under way using engine,5-32.511N,106-40.748E,5.54185,106.679133,1.0kn,304.6Deg,Unknown,CNSHK>SGSIN EBGA,2026-09-27 06:30:00,2026-09-25 11:46:10
2026-09-25 12:02:23,REN JIAN 19,414333000,9280809,BQOJ,Container,Under way using engine,4-21.681N,99-54.789E,4.36135,99.91315,1.8kn,335.7Deg,126.0Deg,"SINGAPORE, SG",2026-09-28 17:00:00,2026-09-25 12:00:54
2026-09-25 12:02:31,MSC DITTE,636017569,9754953,D5LP2,Container,Moored,22-44.289N,69-42.018E,22.73815,69.7003,0kn,26.2Deg,270.0Deg,"KHOR FAKKAN, AE",2026-09-25 00:00:00,2026-09-07 05:13:29
2026-09-25 12:02:40,EVER LEARNED,235098885,9604108,2GNG3,Container,Under way using engine,32-57.174N,123-35.101E,32.9529,123.585017,18.0kn,182.8Deg,Unknown,"KAOHSIUNG, CN",2026-09-27 08:30:00,2026-09-25 11:35:17
2026-09-25 12:02:49,HAIAN EAST,574005100,9363144,XVIV7,Container,Under way using engine,1-17.867N,104-16.794E,1.297783,104.2799,9.4kn,257.5Deg,260.0Deg,SGSIN PEBGA,2026-09-25 15:00:00,2026-09-25 12:02:31
2026-09-25 12:02:58,ITAL USODIMARE,247009600,9196979,IBPO,Container,Under way using engine,9-03.545N,108-41.526E,9.059083,108.6921,14.0kn,36.0Deg,Unknown,"QINGDAO, CN",2026-10-01 06:00:00,2026-09-25 11:55:19
2026-09-25 14:02:14,WAN HAI 517,566942000,9457660,9V7583,Container,Under way using engine,10-44.439N,110-56.422E,10.74065,110.940367,16.2kn,39.3Deg,38.0Deg,"KAOHSIUNG, CN",2026-09-29 20:40:00,2026-09-25 13:58:23
2026-09-25 14:02:24,9400186,563123500,9400186,9V3760,Container,Under way using engine,5-33.495N,106-39.777E,5.55825,106.66295,0.8kn,330.8Deg,38.0Deg,CNSHK>SGSIN EBGA,2026-09-27 06:30:00,2026-09-25 14:02:00
2026-09-25 14:02:34,REN JIAN 19,414333000,9280809,BQOJ,Container,Under way using engine,4-24.404N,99-53.740E,4.406733,99.895667,1.1kn,349.8Deg,107.0Deg,"SINGAPORE, SG",2026-09-28 17:00:00,2026-09-25 13:54:25
2026-09-25 14:02:44,MSC DITTE,636017569,9754953,D5LP2,Container,Moored,22-44.289N,69-42.018E,22.73815,69.7003,0kn,26.2Deg,270.0Deg,"KHOR FAKKAN, AE",2026-09-25 00:00:00,2026-09-07 05:13:29
2026-09-25 14:02:54,EVER LEARNED,235098885,9604108,2GNG3,Container,Under way using engine,32-23.457N,123-53.896E,32.39095,123.898267,15.6kn,141.1Deg,Unknown,"KAOHSIUNG, CN",2026-09-27 08:30:00,2026-09-25 14:00:02
2026-09-25 14:03:03,HAIAN EAST,574005100,9363144,XVIV7,Container,Under way using engine,1-15.410N,103-59.000E,1.256833,103.983333,7.4kn,245.3Deg,246.0Deg,SGSIN PEBGA,2026-09-25 15:00:00,2026-09-25 14:02:52
2026-09-25 14:03:13,ITAL USODIMARE,247009600,9196979,IBPO,Container,Under way using engine,9-22.273N,108-55.888E,9.371217,108.931467,14.1kn,37.0Deg,Unknown,"QINGDAO, CN",2026-10-01 06:00:00,2026-09-25 13:35:35
2026-09-25 15:18:55,WAN HAI 517,566942000,9457660,9V7583,Container,Under way using engine,11-00.000N,111-09.476E,11.0,111.157933,16.5kn,40.0Deg,39.0Deg,"KAOHSIUNG, CN",2026-09-29 20:40:00,2026-09-25 15:12:11
2026-09-25 15:19:02,9400186,563123500,9400186,9V3760,Container,Under way using engine,5-34.279N,106-39.164E,5.571317,106.652733,0.8kn,309.2Deg,36.0Deg,CNSHK>SGSIN EBGA,2026-09-27 06:30:00,2026-09-25 15:14:39
2026-09-25 15:19:10,REN JIAN 19,414333000,9280809,BQOJ,Container,Under way using engine,4-25.639N,99-53.718E,4.427317,99.8953,0.5kn,357.1Deg,96.0Deg,"SINGAPORE, SG",2026-09-28 17:00:00,2026-09-25 15:17:22
2026-09-25 15:19:18,MSC DITTE,636017569,9754953,D5LP2,Container,Moored,22-44.289N,69-42.018E,22.73815,69.7003,0kn,26.2Deg,270.0Deg,"KHOR FAKKAN, AE",2026-09-25 00:00:00,2026-09-07 05:13:29
2026-09-25 15:19:26,EVER LEARNED,235098885,9604108,2GNG3,Container,Under way using engine,32-03.469N,123-55.351E,32.057817,123.922517,16.2kn,172.3Deg,175.0Deg,"KAOHSIUNG, CN",2026-09-27 08:30:00,2026-09-25 15:17:33
2026-09-25 15:19:34,HAIAN EAST,574005100,9363144,XVIV7,Container,Under way using engine,1-12.837N,103-51.606E,1.21395,103.8601,10.1kn,249.6Deg,250.0Deg,SGSIN PEBGA,2026-09-25 15:00:00,2026-09-25 15:19:20
2026-09-25 15:19:42,ITAL USODIMARE,247009600,9196979,IBPO,Container,Under way using engine,9-40.683N,109-10.391E,9.67805,109.173183,14.3kn,37.0Deg,Unknown,"QINGDAO, CN",2026-10-01 06:00:00,2026-09-25 15:14:31
2026-09-25 16:02:14,WAN HAI 517,566942000,9457660,9V7583,Container,Under way using engine,11-10.512N,111-18.439E,11.1752,111.307317,16.4kn,36.7Deg,35.0Deg,"KAOHSIUNG, CN",2026-09-29 20:40:00,2026-09-25 16:01:59
2026-09-25 16:02:25,9400186,563123500,9400186,9V3760,Container,Under way using engine,5-34.620N,106-38.716E,5.577,106.645267,0.7kn,304.5Deg,24.0Deg,CNSHK>SGSIN EBGA,2026-09-27 06:30:00,2026-09-25 15:56:41
2026-09-25 16:02:35,REN JIAN 19,414333000,9280809,BQOJ,Container,Under way using engine,4-25.902N,99-53.733E,4.4317,99.89555,0.2kn,25.3Deg,53.0Deg,"SINGAPORE, SG",2026-09-28 17:00:00,2026-09-25 15:57:53
2026-09-25 16:02:44,MSC DITTE,636017569,9754953,D5LP2,Container,Moored,22-44.289N,69-42.018E,22.73815,69.7003,0kn,26.2Deg,270.0Deg,"KHOR FAKKAN, AE",2026-09-25 00:00:00,2026-09-07 05:13:29
2026-09-25 16:02:54,EVER LEARNED,235098885,9604108,2GNG3,Container,Under way using engine,31-52.104N,123-57.562E,31.8684,123.959367,17.0kn,149.6Deg,156.0Deg,"KAOHSIUNG, CN",2026-09-27 08:30:00,2026-09-25 16:00:15
2026-09-25 16:03:04,HAIAN EAST,574005100,9363144,XVIV7,Container,Under way using engine,1-14.453N,103-46.976E,1.240883,103.782933,3.0kn,345.0Deg,342.0Deg,SGSIN PEBGA,2026-09-25 15:00:00,2026-09-25 16:02:51
2026-09-25 16:03:15,ITAL USODIMARE,247009600,9196979,IBPO,Container,Under way using engine,9-49.665N,109-15.972E,9.82775,109.2662,14.8kn,30.0Deg,34.0Deg,"QINGDAO, CN",2026-10-01 06:00:00,2026-09-25 15:57:18
2026-09-25 18:02:07,WAN HAI 517,566942000,9457660,9V7583,Container,Under way using engine,11-36.904N,111-40.144E,11.615067,111.669067,17.3kn,41.9Deg,41.0Deg,"KAOHSIUNG, CN",2026-09-29 20:40:00,2026-09-25 18:01:47
2026-09-25 18:02:15,9400186,563123500,9400186,9V3760,Container,Under way using engine,5-25.483N,106-35.968E,5.424717,106.599467,8.5kn,196.9Deg,194.0Deg,CNSHK>SGSIN EBGA,2026-09-27 06:30:00,2026-09-25 17:59:20
2026-09-25 18:02:23,REN JIAN 19,414333000,9280809,BQOJ,Container,Under way using engine,4-25.355N,99-54.412E,4.422583,99.906867,0.8kn,138.6Deg,69.0Deg,"SINGAPORE, SG",2026-09-28 17:00:00,2026-09-25 18:00:03
2026-09-25 18:02:31,MSC DITTE,636017569,9754953,D5LP2,Container,Moored,22-44.289N,69-42.018E,22.73815,69.7003,0kn,26.2Deg,270.0Deg,"KHOR FAKKAN, AE",2026-09-25 00:00:00,2026-09-07 05:13:29
2026-09-25 18:02:40,EVER LEARNED,235098885,9604108,2GNG3,Container,Under way using engine,31-17.295N,123-59.803E,31.28825,123.996717,17.7kn,187.2Deg,193.0Deg,"KAOHSIUNG, CN",2026-09-27 08:30:00,2026-09-25 18:02:32
2026-09-25 18:02:48,HAIAN EAST,574005100,9363144,XVIV7,Container,Moored,1-16.246N,103-47.120E,1.270767,103.785333,0kn,199.8Deg,29.0Deg,SGSIN PEBGA,2026-09-25 15:00:00,2026-09-25 17:59:54
2026-09-25 18:02:56,ITAL USODIMARE,247009600,9196979,IBPO,Container,Under way using engine,10-17.043N,109-31.850E,10.28405,109.530833,15.2kn,31.0Deg,33.0Deg,"QINGDAO, CN",2026-10-01 06:00:00,2026-09-25 18:02:37
2026-09-25 19:19:54,WAN HAI 517,566942000,9457660,9V7583,Container,Under way using engine,11-52.587N,111-53.638E,11.87645,111.893967,16.9kn,38.5Deg,37.0Deg,"KAOHSIUNG, CN",2026-09-29 20:40:00,2026-09-25 19:14:17
2026-09-25 19:20:01,9400186,563123500,9400186,9V3760,Container,Under way using engine,5-14.888N,106-30.622E,5.248133,106.510367,9.0kn,210.9Deg,207.0Deg,CNSHK>SGSIN EBGA,2026-09-27 06:30:00,2026-09-25 19:19:49
2026-09-25 19:20:09,REN JIAN 19,414333000,9280809,BQOJ,Container,Under way using engine,4-24.621N,99-55.034E,4.41035,99.917233,0.4kn,143.8Deg,69.0Deg,"SINGAPORE, SG",2026-09-28 17:00:00,2026-09-25 19:19:54
2026-09-25 19:20:17,MSC DITTE,636017569,9754953,D5LP2,Container,Moored,22-44.289N,69-42.018E,22.73815,69.7003,0kn,26.2Deg,270.0Deg,"KHOR FAKKAN, AE",2026-09-25 00:00:00,2026-09-07 05:13:29
2026-09-25 19:20:25,EVER LEARNED,235098885,9604108,2GNG3,Container,Under way using engine,30-55.202N,123-55.488E,30.920033,123.9248,18.4kn,181.4Deg,185.0Deg,"KAOHSIUNG, CN",2026-09-27 08:30:00,2026-09-25 19:16:57
2026-09-25 19:20:33,HAIAN EAST,574005100,9363144,XVIV7,Container,Moored,1-16.242N,103-47.118E,1.2707,103.7853,0kn,199.8Deg,29.0Deg,SGSIN PEBGA,2026-09-25 15:00:00,2026-09-25 19:17:55
2026-09-25 19:20:41,ITAL USODIMARE,247009600,9196979,IBPO,Container,Under way using engine,10-33.751N,109-41.757E,10.562517,109.69595,15.3kn,28.0Deg,Unknown,"QINGDAO, CN",2026-10-01 06:00:00,2026-09-25 19:17:28
2026-09-25 20:02:04,WAN HAI 517,566942000,9457660,9V7583,Container,Under way using engine,12-01.354N,112-00.878E,12.022567,112.014633,16.7kn,39.0Deg,Unknown,"KAOHSIUNG, CN",2026-09-29 20:40:00,2026-09-25 19:54:31
2026-09-25 20:02:13,9400186,563123500,9400186,9V3760,Container,Under way using engine,5-09.571N,106-27.397E,5.159517,106.456617,9.3kn,217.4Deg,214.0Deg,CNSHK>SGSIN EBGA,2026-09-27 06:30:00,2026-09-25 20:00:22
2026-09-25 20:02:24,REN JIAN 19,414333000,9280809,BQOJ,Container,Under way using engine,4-24.564N,99-55.178E,4.4094,99.919633,0.2kn,38.0Deg,63.0Deg,"SINGAPORE, SG",2026-09-28 17:00:00,2026-09-25 20:00:03
2026-09-25 20:02:34,MSC DITTE,636017569,9754953,D5LP2,Container,Moored,22-44.289N,69-42.018E,22.73815,69.7003,0kn,26.2Deg,270.0Deg,"KHOR FAKKAN, AE",2026-09-25 00:00:00,2026-09-07 05:13:29
2026-09-25 20:02:44,EVER LEARNED,235098885,9604108,2GNG3,Container,Under way using engine,30-41.390N,123-53.867E,30.689833,123.897783,18.4kn,181.6Deg,184.0Deg,"KAOHSIUNG, CN",2026-09-27 08:30:00,2026-09-25 20:02:16
2026-09-25 20:02:55,HAIAN EAST,574005100,9363144,XVIV7,Container,Moored,1-16.245N,103-47.121E,1.27075,103.78535,0kn,199.8Deg,29.0Deg,SGSIN PEBGA,2026-09-25 15:00:00,2026-09-25 19:54:00
2026-09-25 20:03:04,ITAL USODIMARE,247009600,9196979,IBPO,Container,Under way using engine,10-42.458N,109-46.759E,10.707633,109.779317,15.3kn,30.0Deg,Unknown,"QINGDAO, CN",2026-10-01 06:00:00,2026-09-25 19:56:34
2026-09-25 22:02:23,WAN HAI 517,566942000,9457660,9V7583,Container,Under way using engine,12-27.111N,112-23.156E,12.45185,112.385933,16.3kn,39.0Deg,Unknown,"KAOHSIUNG, CN",2026-09-29 20:40:00,2026-09-25 21:54:42
2026-09-25 22:02:31,9400186,563123500,9400186,9V3760,Container,Under way using engine,4-54.266N,106-15.715E,4.904433,106.261917,9.4kn,217.3Deg,213.0Deg,CNSHK>SGSIN EBGA,2026-09-27 06:30:00,2026-09-25 22:02:21
2026-09-25 22:02:39,REN JIAN 19,414333000,9280809,BQOJ,Container,Under way using engine,4-25.608N,99-54.847E,4.4268,99.914117,1.1kn,328.0Deg,71.0Deg,"SINGAPORE, SG",2026-09-28 17:00:00,2026-09-25 22:02:34
2026-09-25 22:02:46,MSC DITTE,636017569,9754953,D5LP2,Container,Moored,22-44.289N,69-42.018E,22.73815,69.7003,0kn,26.2Deg,270.0Deg,"KHOR FAKKAN, AE",2026-09-25 00:00:00,2026-09-07 05:13:29
2026-09-25 22:02:54,EVER LEARNED,235098885,9604108,2GNG3,Container,Under way using engine,30-07.174N,123-42.073E,30.119567,123.701217,17.5kn,195.8Deg,195.0Deg,"KAOHSIUNG, CN",2026-09-27 08:30:00,2026-09-25 22:02:45
2026-09-25 22:03:03,HAIAN EAST,574005100,9363144,XVIV7,Container,Moored,1-16.240N,103-47.121E,1.270667,103.78535,0kn,199.8Deg,29.0Deg,SGSIN PEBGA,2026-09-25 15:00:00,2026-09-25 22:00:01
2026-09-25 22:03:11,ITAL USODIMARE,247009600,9196979,IBPO,Container,Under way using engine,11-07.916N,110-01.710E,11.131933,110.0285,15.2kn,28.0Deg,Unknown,"QINGDAO, CN",2026-10-01 06:00:00,2026-09-25 21:51:52
2026-09-25 22:30:39,WAN HAI 517,566942000,9457660,9V7583,Container,Under way using engine,12-33.400N,112-28.552E,12.556667,112.475867,16.1kn,39.7Deg,38.0Deg,"KAOHSIUNG, CN",2026-09-29 20:40:00,2026-09-25 22:24:47
2026-09-25 22:30:48,9400186,563123500,9400186,9V3760,Container,Under way using engine,4-52.564N,106-14.431E,4.876067,106.240517,9.4kn,217.1Deg,213.0Deg,CNSHK>SGSIN EBGA,2026-09-27 06:30:00,2026-09-25 22:15:51
2026-09-25 22:30:57,REN JIAN 19,414333000,9280809,BQOJ,Container,Under way using engine,4-26.177N,99-54.561E,4.436283,99.90935,1.2kn,324.6Deg,64.0Deg,"SINGAPORE, SG",2026-09-28 17:00:00,2026-09-25 22:30:33
2026-09-25 22:31:06,MSC DITTE,636017569,9754953,D5LP2,Container,Moored,22-44.289N,69-42.018E,22.73815,69.7003,0kn,26.2Deg,270.0Deg,"KHOR FAKKAN, AE",2026-09-25 00:00:00,2026-09-07 05:13:29
2026-09-25 22:31:15,EVER LEARNED,235098885,9604108,2GNG3,Container,Under way using engine,30-00.184N,123-37.187E,30.003067,123.619783,17.7kn,224.9Deg,223.0Deg,"KAOHSIUNG, CN",2026-09-27 08:30:00,2026-09-25 22:31:03
2026-09-25 22:31:25,HAIAN EAST,574005100,9363144,XVIV7,Container,Moored,1-16.245N,103-47.120E,1.27075,103.785333,0kn,199.8Deg,29.0Deg,SGSIN PEBGA,2026-09-25 15:00:00,2026-09-25 22:30:01
2026-09-25 22:31:34,ITAL USODIMARE,247009600,9196979,IBPO,Container,Under way using engine,11-15.661N,110-06.157E,11.261017,110.102617,15.1kn,30.0Deg,Unknown,"QINGDAO, CN",2026-10-01 06:00:00,2026-09-25 22:26:57
2026-09-26 00:01:55,WAN HAI 517,566942000,9457660,9V7583,Container,Under way using engine,12-51.179N,112-43.720E,12.852983,112.728667,15.4kn,38.5Deg,36.0Deg,"KAOHSIUNG, CN",2026-09-29 20:40:00,2026-09-25 23:52:59
2026-09-26 00:02:04,9400186,563123500,9400186,9V3760,Container,Under way using engine,4-39.964N,106-04.948E,4.666067,106.082467,9.5kn,215.7Deg,215.0Deg,CNSHK>SGSIN EBGA,2026-09-27 06:30:00,2026-09-25 23:55:21
2026-09-26 00:02:12,REN JIAN 19,414333000,9280809,BQOJ,Container,Under way using engine,4-28.458N,99-53.349E,4.4743,99.88915,1.8kn,331.6Deg,43.0Deg,"SINGAPORE, SG",2026-09-28 17:00:00,2026-09-26 00:02:04
2026-09-26 00:02:21,MSC DITTE,636017569,9754953,D5LP2,Container,Moored,22-44.289N,69-42.018E,22.73815,69.7003,0kn,26.2Deg,270.0Deg,"KHOR FAKKAN, AE",2026-09-25 00:00:00,2026-09-07 05:13:29
2026-09-26 00:02:30,EVER LEARNED,235098885,9604108,2GNG3,Container,Under way using engine,29-38.202N,123-22.718E,29.6367,123.378633,16.7kn,195.9Deg,195.0Deg,"KAOHSIUNG, CN",2026-09-27 08:30:00,2026-09-26 00:02:16
2026-09-26 00:02:39,HAIAN EAST,574005100,9363144,XVIV7,Container,Moored,1-16.241N,103-47.119E,1.270683,103.785317,0kn,199.8Deg,30.0Deg,SGSIN PEBGA,2026-09-25 15:00:00,2026-09-26 00:00:01
2026-09-26 00:02:48,ITAL USODIMARE,247009600,9196979,IBPO,Container,Under way using engine,11-25.290N,110-12.010E,11.4215,110.200167,14.6kn,30.0Deg,Unknown,MYPKL;8L9PD>BBBBBBB,2026-10-01 06:00:00,2026-09-25 23:12:05
2026-09-26 00:51:05,WAN HAI 517,566942000,9457660,9V7583,Container,Under way using engine,13-01.600N,112-52.370E,13.026667,112.872833,15.0kn,39.7Deg,Unknown,"KAOHSIUNG, CN",2026-09-29 20:40:00,2026-09-26 00:44:58
2026-09-26 00:51:13,9400186,563123500,9400186,9V3760,Container,Under way using engine,4-32.892N,105-59.669E,4.5482,105.994483,9.2kn,217.2Deg,220.0Deg,CNSHK>SGSIN EBGA,2026-09-27 06:30:00,2026-09-26 00:51:00
2026-09-26 00:51:21,REN JIAN 19,414333000,9280809,BQOJ,Container,Under way using engine,4-29.773N,99-52.578E,4.496217,99.8763,2.0kn,329.9Deg,53.0Deg,"SINGAPORE, SG",2026-09-28 17:00:00,2026-09-26 00:50:53
2026-09-26 00:51:28,MSC DITTE,636017569,9754953,D5LP2,Container,Moored,22-44.289N,69-42.018E,22.73815,69.7003,0kn,26.2Deg,270.0Deg,"KHOR FAKKAN, AE",2026-09-25 00:00:00,2026-09-07 05:13:29
2026-09-26 00:51:36,EVER LEARNED,235098885,9604108,2GNG3,Container,Under way using engine,29-25.522N,123-18.141E,29.425367,123.30235,16.7kn,199.5Deg,199.0Deg,"KAOHSIUNG, CN",2026-09-27 08:30:00,2026-09-26 00:49:58
2026-09-26 00:51:43,HAIAN EAST,574005100,9363144,XVIV7,Container,Moored,1-16.246N,103-47.121E,1.270767,103.78535,0kn,199.8Deg,29.0Deg,SGSIN PEBGA,2026-09-25 15:00:00,2026-09-26 00:50:58
2026-09-26 00:51:51,ITAL USODIMARE,247009600,9196979,IBPO,Container,Under way using engine,11-25.290N,110-12.010E,11.4215,110.200167,14.6kn,30.0Deg,Unknown,"QINGDAO, CN",2026-10-01 06:00:00,2026-09-25 23:12:05
2026-09-26 02:02:01,WAN HAI 517,566942000,9457660,9V7583,Container,Under way using engine,13-15.121N,113-03.640E,13.252017,113.060667,15.2kn,39.9Deg,37.0Deg,"TWKHH""BBBBBBBBBBBBB",2026-09-29 20:40:00,2026-09-26 01:53:53
2026-09-26 02:02:09,9400186,563123500,9400186,9V3760,Container,Under way using engine,4-26.983N,105-55.292E,4.449717,105.921533,5.4kn,202.1Deg,207.0Deg,CNSHK>SGSIN EBGA,2026-09-27 06:30:00,2026-09-26 02:02:01
2026-09-26 02:02:17,REN JIAN 19,414333000,9280809,BQOJ,Container,Under way using engine,4-31.608N,99-51.606E,4.5268,99.8601,1.5kn,333.8Deg,64.0Deg,"SINGAPORE, SG",2026-09-28 17:00:00,2026-09-26 02:01:23
2026-09-26 02:02:26,MSC DITTE,636017569,9754953,D5LP2,Container,Moored,22-44.289N,69-42.018E,22.73815,69.7003,0kn,26.2Deg,270.0Deg,"KHOR FAKKAN, AE",2026-09-25 00:00:00,2026-09-07 05:13:29
2026-09-26 02:02:34,EVER LEARNED,235098885,9604108,2GNG3,Container,Under way using engine,29-06.267N,123-13.487E,29.10445,123.224783,17.0kn,213.2Deg,215.0Deg,"KAOHSIUNG, CN",2026-09-27 08:30:00,2026-09-26 02:02:15
2026-09-26 02:02:41,HAIAN EAST,574005100,9363144,XVIV7,Container,Moored,1-16.248N,103-47.126E,1.2708,103.785433,0kn,199.8Deg,29.0Deg,SGSIN PEBGA,2026-09-25 15:00:00,2026-09-26 01:56:56
2026-09-26 02:02:51,ITAL USODIMARE,247009600,9196979,IBPO,Container,Under way using engine,11-25.290N,110-12.010E,11.4215,110.200167,14.6kn,30.0Deg,Unknown,"QINGDAO, CN",2026-10-01 06:00:00,2026-09-25 23:12:05
2026-09-26 04:01:52,WAN HAI 517,566942000,9457660,9V7583,Container,Under way using engine,13-37.464N,113-22.340E,13.6244,113.372333,15.4kn,43.5Deg,46.0Deg,"KAOHSIUNG, CN",2026-09-29 20:40:00,2026-09-26 03:48:42
2026-09-26 04:02:00,9400186,563123500,9400186,9V3760,Container,Under way using engine,4-17.587N,105-50.436E,4.293117,105.8406,5.5kn,208.7Deg,213.0Deg,CNSHK>SGSIN EBGA,2026-09-27 06:30:00,2026-09-26 03:56:50
2026-09-26 04:02:09,REN JIAN 19,414333000,9280809,BQOJ,Container,Under way using engine,4-32.893N,99-50.876E,4.548217,99.847933,0.4kn,141.1Deg,33.0Deg,"SINGAPORE, SG",2026-09-28 17:00:00,2026-09-26 04:00:23
2026-09-26 04:02:16,MSC DITTE,636017569,9754953,D5LP2,Container,Moored,22-44.289N,69-42.018E,22.73815,69.7003,0kn,26.2Deg,270.0Deg,"KHOR FAKKAN, AE",2026-09-25 00:00:00,2026-09-07 05:13:29
2026-09-26 04:02:24,EVER LEARNED,235098885,9604108,2GNG3,Container,Under way using engine,28-34.697N,122-58.731E,28.578283,122.97885,17.9kn,183.8Deg,188.0Deg,"KAOHSIUNG, CN",2026-09-27 08:30:00,2026-09-26 04:02:16
2026-09-26 04:02:32,HAIAN EAST,574005100,9363144,XVIV7,Container,Moored,1-16.248N,103-47.121E,1.2708,103.78535,0kn,199.8Deg,Unknown,SGSIN PEBGA,2026-09-25 15:00:00,2026-09-26 03:57:20
2026-09-26 04:02:40,ITAL USODIMARE,247009600,9196979,IBPO,Container,Under way using engine,12-22.156N,110-45.587E,12.369267,110.759783,14.3kn,29.0Deg,Unknown,"QINGDAO, CN",2026-10-01 06:00:00,2026-09-26 03:47:47
2026-09-26 05:45:05,WAN HAI 517,566942000,9457660,9V7583,Container,Under way using engine,13-54.513N,113-37.518E,13.90855,113.6253,14.6kn,39.2Deg,Unknown,"KAOHSIUNG, CN",2026-09-29 18:40:00,2026-09-26 05:20:25
2026-09-26 05:45:13,9400186,563123500,9400186,9V3760,Container,Under way using engine,4-15.693N,105-51.259E,4.26155,105.854317,0.3kn,121.9Deg,Unknown,CNSHK>SGSIN EBGA,2026-09-27 06:30:00,2026-09-26 05:41:04
2026-09-26 05:45:20,REN JIAN 19,414333000,9280809,BQOJ,Container,Under way using engine,4-31.932N,99-51.251E,4.5322,99.854183,0.5kn,187.8Deg,59.0Deg,"SINGAPORE, SG",2026-09-28 17:00:00,2026-09-26 05:42:13
2026-09-26 05:45:28,MSC DITTE,636017569,9754953,D5LP2,Container,Under way using engine,25-46.596N,4-30.914W,25.7766,-4.515233,0.4kn,312.5Deg,31.0Deg,"KHOR FAKKAN, AE",2026-09-25 00:00:00,2026-09-26 05:31:16
2026-09-26 05:45:36,EVER LEARNED,235098885,9604108,2GNG3,Container,Under way using engine,28-03.973N,122-56.045E,28.066217,122.934083,18.5kn,169.8Deg,172.0Deg,"KAOHSIUNG, CN",2026-09-27 08:30:00,2026-09-26 05:45:28
2026-09-26 05:45:43,HAIAN EAST,574005100,9363144,XVIV7,Container,Moored,1-16.248N,103-47.119E,1.2708,103.785317,0kn,199.8Deg,Unknown,SGSIN PEBGA,2026-09-25 15:00:00,2026-09-26 05:38:51
2026-09-26 05:45:50,ITAL USODIMARE,247009600,9196979,IBPO,Container,Under way using engine,12-45.356N,110-58.876E,12.755933,110.981267,14.6kn,24.0Deg,22.0Deg,"QINGDAO, CN",2026-10-01 06:00:00,2026-09-26 05:35:34
2026-09-26 06:01:58,WAN HAI 517,566942000,9457660,9V7583,Container,Under way using engine,13-54.513N,113-37.518E,13.90855,113.6253,14.6kn,39.2Deg,Unknown,"KAOHSIUNG, CN",2026-09-29 18:40:00,2026-09-26 05:20:25
2026-09-26 06:02:07,9400186,563123500,9400186,9V3760,Container,Under way using engine,4-15.648N,105-51.320E,4.2608,105.855333,0.2kn,124.4Deg,Unknown,CNSHK>SGSIN EBGA,2026-09-27 06:30:00,2026-09-26 05:56:06
2026-09-26 06:02:15,REN JIAN 19,414333000,9280809,BQOJ,Container,Under way using engine,4-31.932N,99-51.251E,4.5322,99.854183,0.5kn,187.8Deg,59.0Deg,"SINGAPORE, SG",2026-09-28 17:00:00,2026-09-26 05:42:13
2026-09-26 06:02:23,MSC DITTE,636017569,9754953,D5LP2,Container,Under way using engine,25-46.596N,4-30.914W,25.7766,-4.515233,0.4kn,312.5Deg,31.0Deg,"KHOR FAKKAN, AE",2026-09-25 00:00:00,2026-09-26 05:31:16
2026-09-26 06:02:32,EVER LEARNED,235098885,9604108,2GNG3,Container,Under way using engine,27-59.274N,122-54.707E,27.9879,122.911783,18.1kn,217.8Deg,220.0Deg,"KAOHSIUNG, CN",2026-09-27 08:30:00,2026-09-26 06:02:11
2026-09-26 06:02:40,HAIAN EAST,574005100,9363144,XVIV7,Container,Moored,1-16.244N,103-47.120E,1.270733,103.785333,0.1kn,199.8Deg,29.0Deg,SGSIN PEBGA,2026-09-25 15:00:00,2026-09-26 05:48:00
2026-09-26 06:02:48,ITAL USODIMARE,247009600,9196979,IBPO,Container,Under way using engine,12-50.736N,111-01.869E,12.8456,111.03115,15.3kn,31.0Deg,30.0Deg,"QINGDAO, CN",2026-10-01 06:00:00,2026-09-26 05:59:58
2026-09-26 08:01:59,WAN HAI 517,566942000,9457660,9V7583,Container,Under way using engine,14-24.529N,114-03.348E,14.408817,114.0558,15.4kn,41.0Deg,41.0Deg,"KAOHSIUNG, CN",2026-09-29 18:40:00,2026-09-26 07:54:23
2026-09-26 08:02:07,9400186,563123500,9400186,9V3760,Container,Under way using engine,4-05.568N,105-44.508E,4.0928,105.7418,9.5kn,215.9Deg,215.0Deg,CNSHK>SGSIN EBGA,2026-09-27 06:30:00,2026-09-26 08:01:49
2026-09-26 08:02:16,REN JIAN 19,414333000,9280809,BQOJ,Container,Under way using engine,4-31.117N,99-51.244E,4.518617,99.854067,0.3kn,140.4Deg,13.0Deg,"SINGAPORE, SG",2026-09-28 17:00:00,2026-09-26 08:02:04
2026-09-26 08:02:24,MSC DITTE,636017569,9754953,D5LP2,Container,Under way using engine,25-46.596N,4-30.914W,25.7766,-4.515233,0.4kn,312.5Deg,31.0Deg,"KHOR FAKKAN, AE",2026-09-25 00:00:00,2026-09-26 05:31:16
2026-09-26 08:02:32,EVER LEARNED,235098885,9604108,2GNG3,Container,Under way using engine,27-32.466N,122-27.734E,27.5411,122.462233,17.9kn,218.8Deg,218.0Deg,"KAOHSIUNG, CN",2026-09-27 08:30:00,2026-09-26 08:02:22
2026-09-26 08:02:41,HAIAN EAST,574005100,9363144,XVIV7,Container,Moored,1-16.248N,103-47.125E,1.2708,103.785417,0kn,212.4Deg,Unknown,SGSIN PEBGA,2026-09-25 15:00:00,2026-09-26 08:00:30
2026-09-26 08:02:49,ITAL USODIMARE,247009600,9196979,IBPO,Container,Under way using engine,13-16.392N,111-17.098E,13.2732,111.284967,14.8kn,36.0Deg,39.0Deg,MYPKL;8L9PD>BBBBBBB,2026-10-01 06:00:00,2026-09-26 07:59:52
2026-09-26 10:01:58,WAN HAI 517,566942000,9457660,9V7583,Container,Under way using engine,14-45.922N,114-22.238E,14.765367,114.370633,15.5kn,38.3Deg,41.0Deg,"KAOHSIUNG, CN",2026-09-29 18:40:00,2026-09-26 09:44:53
2026-09-26 10:02:07,9400186,563123500,9400186,9V3760,Container,Under way using engine,3-49.810N,105-35.331E,3.830167,105.58885,9.7kn,206.0Deg,202.0Deg,CNSHK>SGSIN EBGA,2026-09-27 06:30:00,2026-09-26 09:54:09
2026-09-26 10:02:16,REN JIAN 19,414333000,9280809,BQOJ,Container,Under way using engine,4-31.343N,99-51.088E,4.522383,99.851467,0.7kn,329.5Deg,49.0Deg,"SINGAPORE, SG",2026-09-28 17:00:00,2026-09-26 09:56:34
2026-09-26 10:02:25,MSC DITTE,636017569,9754953,D5LP2,Container,Under way using engine,25-46.596N,4-30.914W,25.7766,-4.515233,0.4kn,312.5Deg,31.0Deg,"KHOR FAKKAN, AE",2026-09-25 00:00:00,2026-09-26 05:31:16
2026-09-26 10:02:34,EVER LEARNED,235098885,9604108,2GNG3,Container,Under way using engine,27-03.137N,122-06.734E,27.052283,122.112233,17.4kn,210.0Deg,208.0Deg,"KAOHSIUNG, CN",2026-09-27 08:30:00,2026-09-26 10:02:27
2026-09-26 10:02:43,HAIAN EAST,574005100,9363144,XVIV7,Container,Moored,1-16.247N,103-47.120E,1.270783,103.785333,0kn,212.4Deg,29.0Deg,SGSIN PEBGA,2026-09-25 15:00:00,2026-09-26 09:57:02
2026-09-26 10:02:52,ITAL USODIMARE,247009600,9196979,IBPO,Container,Under way using engine,13-38.899N,111-32.411E,13.648317,111.540183,14.0kn,27.0Deg,28.0Deg,"QINGDAO, CN",2026-10-01 06:00:00,2026-09-26 09:49:51
2026-09-26 10:37:10,WAN HAI 517,566942000,9457660,9V7583,Container,Under way using engine,14-55.540N,114-30.225E,14.925667,114.50375,15.7kn,39.5Deg,41.0Deg,"KAOHSIUNG, CN",2026-09-29 18:40:00,2026-09-26 10:31:59
2026-09-26 10:37:18,9400186,563123500,9400186,9V3760,Container,Under way using engine,3-43.852N,105-32.377E,3.730867,105.539617,9.7kn,206.4Deg,202.0Deg,"SHEKOU, CN",2026-09-27 06:30:00,2026-09-26 10:34:50
2026-09-26 10:37:27,REN JIAN 19,414333000,9280809,BQOJ,Container,Under way using engine,4-31.860N,99-50.744E,4.531,99.845733,1.2kn,324.4Deg,53.0Deg,"SINGAPORE, SG",2026-09-28 17:00:00,2026-09-26 10:34:43
2026-09-26 10:37:37,MSC DITTE,636017569,9754953,D5LP2,Container,Under way using engine,25-46.596N,4-30.914W,25.7766,-4.515233,0.4kn,312.5Deg,31.0Deg,"KHOR FAKKAN, AE",2026-09-25 00:00:00,2026-09-26 05:31:16
2026-09-26 10:37:47,EVER LEARNED,235098885,9604108,2GNG3,Container,Under way using engine,26-55.314N,121-59.170E,26.9219,121.986167,17.6kn,225.1Deg,221.0Deg,"KAOHSIUNG, CN",2026-09-27 08:30:00,2026-09-26 10:37:41
2026-09-26 10:37:56,HAIAN EAST,574005100,9363144,XVIV7,Container,Moored,1-16.244N,103-47.117E,1.270733,103.785283,0kn,212.4Deg,29.0Deg,SGSIN PEBGA,2026-09-25 15:00:00,2026-09-26 10:36:02
2026-09-26 10:38:05,ITAL USODIMARE,247009600,9196979,IBPO,Container,Under way using engine,13-46.489N,111-36.373E,13.774817,111.606217,14.0kn,25.0Deg,28.0Deg,"QINGDAO, CN",2026-10-01 06:00:00,2026-09-26 10:25:45
2026-09-26 12:02:22,WAN HAI 517,566942000,9457660,9V7583,Container,Under way using engine,15-13.379N,114-45.079E,15.222983,114.751317,15.5kn,42.0Deg,43.0Deg,"KAOHSIUNG, CN",2026-09-29 18:40:00,2026-09-26 12:00:05
2026-09-26 12:02:30,9400186,563123500,9400186,9V3760,Container,Under way using engine,3-33.213N,105-27.089E,3.55355,105.451483,9.6kn,206.5Deg,Unknown,CNSHK>SGSIN EBGA,2026-09-27 06:30:00,2026-09-26 11:47:32
2026-09-26 12:02:39,REN JIAN 19,414333000,9280809,BQOJ,Container,Under way using engine,4-33.605N,99-49.646E,4.560083,99.827433,1.5kn,328.9Deg,21.0Deg,"SINGAPORE, SG",2026-09-28 17:00:00,2026-09-26 12:02:03
2026-09-26 12:02:47,MSC DITTE,636017569,9754953,D5LP2,Container,Under way using engine,25-46.596N,4-30.914W,25.7766,-4.515233,0.4kn,312.5Deg,31.0Deg,"KHOR FAKKAN, AE",2026-09-25 00:00:00,2026-09-26 05:31:16
2026-09-26 12:02:56,EVER LEARNED,235098885,9604108,2GNG3,Container,Under way using engine,26-36.582N,121-40.315E,26.6097,121.671917,18.3kn,240.2Deg,239.0Deg,"KAOHSIUNG, CN",2026-09-27 08:30:00,2026-09-26 12:02:46
2026-09-26 12:03:04,HAIAN EAST,574005100,9363144,XVIV7,Container,Moored,1-16.248N,103-47.124E,1.2708,103.7854,0kn,226.3Deg,Unknown,SGSIN PEBGA,2026-09-25 15:00:00,2026-09-26 11:52:00
2026-09-26 12:03:13,ITAL USODIMARE,247009600,9196979,IBPO,Container,Under way using engine,14-05.857N,111-46.467E,14.097617,111.77445,13.8kn,31.0Deg,32.0Deg,"QINGDAO, CN",2026-10-01 06:00:00,2026-09-26 12:00:04
2026-09-26 14:02:07,WAN HAI 517,566942000,9457660,9V7583,Container,Under way using engine,15-35.408N,115-04.348E,15.590133,115.072467,15.6kn,32.5Deg,Unknown,"KAOHSIUNG, CN",2026-09-29 18:40:00,2026-09-26 13:51:28
2026-09-26 14:02:15,9400186,563123500,9400186,9V3760,Container,Under way using engine,3-14.465N,105-18.444E,3.241083,105.3074,9.6kn,192.3Deg,190.0Deg,CNSHK>SGSIN EBGA,2026-09-27 06:30:00,2026-09-26 13:55:22
2026-09-26 14:02:23,REN JIAN 19,414333000,9280809,BQOJ,Container,Under way using engine,4-35.793N,99-48.342E,4.59655,99.8057,0.5kn,10.4Deg,13.0Deg,"SINGAPORE, SG",2026-09-28 17:00:00,2026-09-26 14:02:03
2026-09-26 14:02:30,MSC DITTE,636017569,9754953,D5LP2,Container,Under way using engine,25-46.596N,4-30.914W,25.7766,-4.515233,0.4kn,312.5Deg,31.0Deg,"KHOR FAKKAN, AE",2026-09-25 00:00:00,2026-09-26 05:31:16
2026-09-26 14:02:37,EVER LEARNED,235098885,9604108,2GNG3,Container,Under way using engine,26-09.298N,121-27.127E,26.154967,121.452117,14.8kn,217.6Deg,220.0Deg,"KAOHSIUNG, CN",2026-09-27 08:30:00,2026-09-26 14:02:28
2026-09-26 14:02:44,HAIAN EAST,574005100,9363144,XVIV7,Container,Moored,1-16.248N,103-47.121E,1.2708,103.78535,0kn,225.0Deg,Unknown,SGSIN PEBGA,2026-09-25 15:00:00,2026-09-26 14:00:03
2026-09-26 14:02:52,ITAL USODIMARE,247009600,9196979,IBPO,Container,Under way using engine,14-29.182N,112-00.385E,14.486367,112.006417,13.3kn,28.0Deg,30.0Deg,"QINGDAO, CN",2026-10-01 06:00:00,2026-09-26 13:58:56
2026-09-26 14:43:43,WAN HAI 517,566942000,9457660,9V7583,Container,Under way using engine,15-35.408N,115-04.348E,15.590133,115.072467,15.6kn,32.5Deg,Unknown,"KAOHSIUNG, CN",2026-09-29 18:40:00,2026-09-26 13:51:28
2026-09-26 14:43:51,9400186,563123500,9400186,9V3760,Container,Under way using engine,3-08.830N,105-16.215E,3.147167,105.27025,9.7kn,202.9Deg,201.0Deg,CNSHK>SGSIN EBGA,2026-09-27 06:30:00,2026-09-26 14:32:41
2026-09-26 14:43:59,REN JIAN 19,414333000,9280809,BQOJ,Container,Under way using engine,4-35.940N,99-48.406E,4.599,99.806767,0.2kn,130.5Deg,14.0Deg,"SINGAPORE, SG",2026-09-28 17:00:00,2026-09-26 14:42:33
2026-09-26 14:44:07,MSC DITTE,636017569,9754953,D5LP2,Container,Under way using engine,25-46.596N,4-30.914W,25.7766,-4.515233,0.4kn,312.5Deg,31.0Deg,"KHOR FAKKAN, AE",2026-09-25 00:00:00,2026-09-26 05:31:16
2026-09-26 14:44:15,EVER LEARNED,235098885,9604108,2GNG3,Container,Under way using engine,26-03.754N,121-18.013E,26.062567,121.300217,14.5kn,256.3Deg,259.0Deg,"KAOHSIUNG, CN",2026-09-27 08:30:00,2026-09-26 14:43:52
2026-09-26 14:44:22,HAIAN EAST,574005100,9363144,XVIV7,Container,Moored,1-16.248N,103-47.122E,1.2708,103.785367,0kn,225.0Deg,29.0Deg,SGSIN PEBGA,2026-09-25 15:00:00,2026-09-26 14:39:06
2026-09-26 14:44:30,ITAL USODIMARE,247009600,9196979,IBPO,Container,Under way using engine,14-37.282N,112-04.915E,14.621367,112.081917,13.3kn,25.0Deg,28.0Deg,"QINGDAO, CN",2026-10-01 06:00:00,2026-09-26 14:40:07
2026-09-26 16:02:07,WAN HAI 517,566942000,9457660,9V7583,Container,Under way using engine,15-35.408N,115-04.348E,15.590133,115.072467,15.6kn,32.5Deg,Unknown,"KAOHSIUNG, CN",2026-09-29 18:40:00,2026-09-26 13:51:28
2026-09-26 16:02:15,9400186,563123500,9400186,9V3760,Container,Under way using engine,2-57.042N,105-11.579E,2.9507,105.192983,9.7kn,200.8Deg,199.0Deg,CNSHK>SGSIN EBGA,2026-09-27 06:30:00,2026-09-26 15:50:21
2026-09-26 16:02:23,REN JIAN 19,414333000,9280809,BQOJ,Container,Under way using engine,4-35.712N,99-48.570E,4.5952,99.8095,0.7kn,146.1Deg,3.0Deg,"SINGAPORE, SG",2026-09-28 17:00:00,2026-09-26 16:02:04
2026-09-26 16:02:31,MSC DITTE,636017569,9754953,D5LP2,Container,Under way using engine,25-46.596N,4-30.914W,25.7766,-4.515233,0.4kn,312.5Deg,31.0Deg,"KHOR FAKKAN, AE",2026-09-25 00:00:00,2026-09-26 05:31:16
2026-09-26 16:02:40,EVER LEARNED,235098885,9604108,2GNG3,Container,Under way using engine,25-52.102N,121-11.655E,25.868367,121.19425,15.4kn,163.1Deg,168.0Deg,"KAOHSIUNG, CN",2026-09-27 08:30:00,2026-09-26 16:02:27
2026-09-26 16:02:48,HAIAN EAST,574005100,9363144,XVIV7,Container,Moored,1-16.243N,103-47.118E,1.270717,103.7853,0kn,225.0Deg,29.0Deg,"HAIPHONG, VN",2026-09-30 02:00:00,2026-09-26 15:51:05
2026-09-26 16:02:56,ITAL USODIMARE,247009600,9196979,IBPO,Container,Under way using engine,14-52.630N,112-14.008E,14.877167,112.233467,13.4kn,30.0Deg,33.0Deg,"QINGDAO, CN",2026-10-01 06:00:00,2026-09-26 15:58:57
2026-09-26 18:01:58,WAN HAI 517,566942000,9457660,9V7583,Container,Under way using engine,16-25.398N,115-40.285E,16.4233,115.671417,14.6kn,34.7Deg,Unknown,"KAOHSIUNG, CN",2026-09-29 18:40:00,2026-09-26 17:50:24
2026-09-26 18:02:06,9400186,563123500,9400186,9V3760,Container,Under way using engine,2-37.286N,105-04.044E,2.621433,105.0674,9.6kn,193.0Deg,191.0Deg,CNSHK>SGSIN EBGA,2026-09-27 06:30:00,2026-09-26 18:00:21
2026-09-26 18:02:14,REN JIAN 19,414333000,9280809,BQOJ,Container,Under way using engine,4-33.843N,99-50.259E,4.56405,99.83765,1.5kn,135.7Deg,319.0Deg,"SINGAPORE, SG",2026-09-28 17:00:00,2026-09-26 18:02:03
2026-09-26 18:02:21,MSC DITTE,636017569,9754953,D5LP2,Container,Under way using engine,25-46.596N,4-30.914W,25.7766,-4.515233,0.4kn,312.5Deg,31.0Deg,"KHOR FAKKAN, AE",2026-09-25 00:00:00,2026-09-26 05:31:16
2026-09-26 18:02:29,EVER LEARNED,235098885,9604108,2GNG3,Container,Under way using engine,25-30.277N,120-57.177E,25.504617,120.95295,13.1kn,232.9Deg,235.0Deg,"KAOHSIUNG, CN",2026-09-27 08:30:00,2026-09-26 18:02:21
2026-09-26 18:02:38,HAIAN EAST,574005100,9363144,XVIV7,Container,Under way using engine,1-14.774N,104-01.652E,1.246233,104.027533,16.1kn,76.1Deg,75.0Deg,"HAIPHONG, VN",2026-09-30 02:00:00,2026-09-26 18:02:27
2026-09-26 18:02:46,ITAL USODIMARE,247009600,9196979,IBPO,Container,Under way using engine,15-16.706N,112-29.051E,15.278433,112.484183,13.5kn,32.0Deg,34.0Deg,"QINGDAO, CN",2026-10-01 06:00:00,2026-09-26 18:02:27
2026-09-26 18:13:27,WAN HAI 517,566942000,9457660,9V7583,Container,Under way using engine,16-28.428N,115-42.454E,16.4738,115.707567,14.6kn,34.2Deg,Unknown,"KAOHSIUNG, CN",2026-09-29 18:40:00,2026-09-26 18:05:25
2026-09-26 18:13:35,9400186,563123500,9400186,9V3760,Container,Under way using engine,2-35.913N,105-03.724E,2.59855,105.062067,9.7kn,193.5Deg,191.0Deg,CNSHK>SGSIN EBGA,2026-09-27 06:30:00,2026-09-26 18:09:01
2026-09-26 18:13:43,REN JIAN 19,414333000,9280809,BQOJ,Container,Under way using engine,4-33.645N,99-50.471E,4.56075,99.841183,1.5kn,134.8Deg,310.0Deg,"SINGAPORE, SG",2026-09-28 17:00:00,2026-09-26 18:13:33
2026-09-26 18:13:51,MSC DITTE,636017569,9754953,D5LP2,Container,Under way using engine,25-46.596N,4-30.914W,25.7766,-4.515233,0.4kn,312.5Deg,31.0Deg,"KHOR FAKKAN, AE",2026-09-25 00:00:00,2026-09-26 05:31:16
2026-09-26 18:13:59,EVER LEARNED,235098885,9604108,2GNG3,Container,Under way using engine,25-28.174N,120-55.840E,25.469567,120.930667,13.4kn,193.8Deg,200.0Deg,"KAOHSIUNG, CN",2026-09-27 08:30:00,2026-09-26 18:13:51
2026-09-26 18:14:07,HAIAN EAST,574005100,9363144,XVIV7,Container,Under way using engine,1-15.221N,104-04.785E,1.253683,104.07975,16.7kn,84.6Deg,85.0Deg,"HAIPHONG, VN",2026-09-30 02:00:00,2026-09-26 18:13:51
2026-09-26 18:14:15,ITAL USODIMARE,247009600,9196979,IBPO,Container,Under way using engine,15-18.999N,112-30.333E,15.31665,112.50555,13.5kn,25.0Deg,27.0Deg,"QINGDAO, CN",2026-10-01 06:00:00,2026-09-26 18:14:07
2026-09-26 20:02:10,WAN HAI 517,566942000,9457660,9V7583,Container,Under way using engine,16-50.778N,115-58.666E,16.8463,115.977767,15.3kn,36.0Deg,Unknown,"KAOHSIUNG, CN",2026-09-29 18:40:00,2026-09-26 19:55:35
2026-09-26 20:02:18,9400186,563123500,9400186,9V3760,Container,Under way using engine,2-20.219N,104-59.138E,2.336983,104.985633,9.5kn,193.1Deg,189.0Deg,CNSHK>SGSIN EBGA,2026-09-27 06:30:00,2026-09-26 19:50:21
2026-09-26 20:02:27,REN JIAN 19,414333000,9280809,BQOJ,Container,Under way using engine,4-32.169N,99-52.229E,4.53615,99.870483,0.7kn,119.1Deg,273.0Deg,"SINGAPORE, SG",2026-09-28 17:00:00,2026-09-26 19:59:32
2026-09-26 20:02:35,MSC DITTE,636017569,9754953,D5LP2,Container,Under way using engine,25-46.596N,4-30.914W,25.7766,-4.515233,0.4kn,312.5Deg,31.0Deg,"KHOR FAKKAN, AE",2026-09-25 00:00:00,2026-09-26 05:31:16
2026-09-26 20:02:43,EVER LEARNED,235098885,9604108,2GNG3,Container,Under way using engine,25-05.286N,120-46.476E,25.0881,120.7746,13.8kn,207.4Deg,210.0Deg,"KAOHSIUNG, CN",2026-09-27 08:30:00,2026-09-26 20:02:32
2026-09-26 20:02:51,HAIAN EAST,574005100,9363144,XVIV7,Container,Under way using engine,1-30.217N,104-30.621E,1.503617,104.51035,18.3kn,25.6Deg,26.0Deg,"HAIPHONG, VN",2026-09-30 02:00:00,2026-09-26 20:02:45
2026-09-26 20:02:59,ITAL USODIMARE,247009600,9196979,IBPO,Container,Under way using engine,15-22.760N,112-32.178E,15.379333,112.5363,13.5kn,25.0Deg,27.0Deg,"QINGDAO, CN",2026-10-01 06:00:00,2026-09-26 18:32:27
2026-09-26 21:14:21,WAN HAI 517,566942000,9457660,9V7583,Container,Under way using engine,16-58.878N,116-04.801E,16.9813,116.080017,15.3kn,36.2Deg,Unknown,"KAOHSIUNG, CN",2026-09-29 18:40:00,2026-09-26 20:35:39
2026-09-26 21:14:31,9400186,563123500,9400186,9V3760,Container,Under way using engine,2-08.156N,104-56.498E,2.135933,104.941633,9.9kn,146.6Deg,149.0Deg,CNSHK>SGSIN EBGA,2026-09-27 06:30:00,2026-09-26 21:10:21
2026-09-26 21:14:42,REN JIAN 19,414333000,9280809,BQOJ,Container,Under way using engine,4-32.196N,99-52.679E,4.5366,99.877983,0.4kn,7.0Deg,271.0Deg,"SINGAPORE, SG",2026-09-28 17:00:00,2026-09-26 21:13:13
2026-09-26 21:14:52,MSC DITTE,636017569,9754953,D5LP2,Container,Under way using engine,25-46.596N,4-30.914W,25.7766,-4.515233,0.4kn,312.5Deg,31.0Deg,"KHOR FAKKAN, AE",2026-09-25 00:00:00,2026-09-26 05:31:16
2026-09-26 21:15:01,EVER LEARNED,235098885,9604108,2GNG3,Container,Under way using engine,24-50.175N,120-37.723E,24.83625,120.628717,14.0kn,213.2Deg,215.0Deg,"KAOHSIUNG, CN",2026-09-27 08:30:00,2026-09-26 21:14:52
2026-09-26 21:15:11,HAIAN EAST,574005100,9363144,XVIV7,Container,Under way using engine,1-51.094N,104-34.424E,1.851567,104.573733,18.0kn,12.8Deg,Unknown,"HAIPHONG, VN",2026-09-30 02:00:00,2026-09-26 21:11:57
2026-09-26 21:15:21,ITAL USODIMARE,247009600,9196979,IBPO,Container,Under way using engine,15-22.760N,112-32.178E,15.379333,112.5363,13.5kn,25.0Deg,27.0Deg,"QINGDAO, CN",2026-10-01 06:00:00,2026-09-26 18:32:27
2026-09-26 22:02:11,WAN HAI 517,566942000,9457660,9V7583,Container,Under way using engine,17-12.612N,116-16.036E,17.2102,116.267267,15.0kn,41.0Deg,40.0Deg,"KAOHSIUNG, CN",2026-09-29 18:40:00,2026-09-26 21:42:30
2026-09-26 22:02:19,9400186,563123500,9400186,9V3760,Container,Under way using engine,1-59.969N,104-54.678E,1.999483,104.9113,9.9kn,199.7Deg,194.0Deg,CNSHK>SGSIN EBGA,2026-09-27 06:30:00,2026-09-26 22:01:50
2026-09-26 22:02:27,REN JIAN 19,414333000,9280809,BQOJ,Container,Under way using engine,4-32.588N,99-52.495E,4.543133,99.874917,0.7kn,325.1Deg,276.0Deg,"SINGAPORE, SG",2026-09-28 17:00:00,2026-09-26 21:59:53
2026-09-26 22:02:35,MSC DITTE,636017569,9754953,D5LP2,Container,Under way using engine,25-46.596N,4-30.914W,25.7766,-4.515233,0.4kn,312.5Deg,31.0Deg,"KHOR FAKKAN, AE",2026-09-25 00:00:00,2026-09-26 05:31:16
2026-09-26 22:02:43,EVER LEARNED,235098885,9604108,2GNG3,Container,Under way using engine,24-40.763N,120-30.885E,24.679383,120.51475,14.1kn,215.4Deg,216.0Deg,"KAOHSIUNG, CN",2026-09-27 08:30:00,2026-09-26 22:02:34
2026-09-26 22:02:51,HAIAN EAST,574005100,9363144,XVIV7,Container,Under way using engine,2-05.692N,104-36.965E,2.094867,104.616083,17.7kn,6.9Deg,7.0Deg,"HAIPHONG, VN",2026-09-30 02:00:00,2026-09-26 22:02:15
2026-09-26 22:02:59,ITAL USODIMARE,247009600,9196979,IBPO,Container,Under way using engine,16-03.884N,112-56.322E,16.064733,112.9387,13.9kn,30.0Deg,32.0Deg,"QINGDAO, CN",2026-10-01 06:00:00,2026-09-26 22:02:43
2026-09-26 23:39:38,WAN HAI 517,566942000,9457660,9V7583,Container,Under way using engine,17-36.083N,116-31.782E,17.601383,116.5297,14.8kn,34.3Deg,36.0Deg,"KAOHSIUNG, CN",2026-09-29 18:40:00,2026-09-26 23:36:12
2026-09-26 23:39:48,9400186,563123500,9400186,9V3760,Container,Under way using engine,1-45.404N,104-48.496E,1.756733,104.808267,9.9kn,216.5Deg,212.0Deg,CNSHK>SGSIN EBGA,2026-09-27 06:30:00,2026-09-26 23:39:39
2026-09-26 23:39:58,REN JIAN 19,414333000,9280809,BQOJ,Container,Under way using engine,4-34.556N,99-50.904E,4.575933,99.8484,1.8kn,331.0Deg,232.0Deg,"SINGAPORE, SG",2026-09-28 17:00:00,2026-09-26 23:34:43
2026-09-26 23:40:08,MSC DITTE,636017569,9754953,D5LP2,Container,Under way using engine,25-46.596N,4-30.914W,25.7766,-4.515233,0.4kn,312.5Deg,31.0Deg,"KHOR FAKKAN, AE",2026-09-25 00:00:00,2026-09-26 05:31:16
2026-09-26 23:40:18,EVER LEARNED,235098885,9604108,2GNG3,Container,Under way using engine,24-22.538N,120-16.786E,24.375633,120.279767,13.5kn,207.4Deg,206.0Deg,"KAOHSIUNG, CN",2026-09-27 08:30:00,2026-09-26 23:38:46
2026-09-26 23:40:28,HAIAN EAST,574005100,9363144,XVIV7,Container,Under way using engine,2-33.961N,104-38.508E,2.566017,104.6418,18.1kn,343.5Deg,343.0Deg,"HAIPHONG, VN",2026-09-30 02:00:00,2026-09-26 23:36:44
2026-09-26 23:40:38,ITAL USODIMARE,247009600,9196979,IBPO,Container,Under way using engine,16-23.275N,113-07.518E,16.387917,113.1253,13.7kn,31.0Deg,36.0Deg,"QINGDAO, CN",2026-10-01 06:00:00,2026-09-26 23:38:53
2026-09-27 00:02:12,WAN HAI 517,566942000,9457660,9V7583,Container,Under way using engine,17-39.823N,116-34.458E,17.663717,116.5743,15.1kn,34.3Deg,36.0Deg,"KAOHSIUNG, CN",2026-09-29 18:40:00,2026-09-26 23:54:18
2026-09-27 00:02:20,9400186,563123500,9400186,9V3760,Container,Under way using engine,1-42.513N,104-46.027E,1.70855,104.767117,10.1kn,225.5Deg,220.0Deg,CNSHK>SGSIN EBGA,2026-09-27 06:30:00,2026-09-27 00:02:10
2026-09-27 00:02:29,REN JIAN 19,414333000,9280809,BQOJ,Container,Under way using engine,4-35.234N,99-50.575E,4.587233,99.842917,1.9kn,334.8Deg,208.0Deg,"SINGAPORE, SG",2026-09-28 17:00:00,2026-09-26 23:59:13
2026-09-27 00:02:38,MSC DITTE,636017569,9754953,D5LP2,Container,Under way using engine,25-46.596N,4-30.914W,25.7766,-4.515233,0.4kn,312.5Deg,31.0Deg,"KHOR FAKKAN, AE",2026-09-25 00:00:00,2026-09-26 05:31:16
2026-09-27 00:02:47,EVER LEARNED,235098885,9604108,2GNG3,Container,Under way using engine,24-18.312N,120-13.124E,24.3052,120.218733,13.8kn,225.3Deg,226.0Deg,"KAOHSIUNG, CN",2026-09-27 08:30:00,2026-09-27 00:02:38
2026-09-27 00:02:56,HAIAN EAST,574005100,9363144,XVIV7,Container,Under way using engine,2-40.010N,104-36.795E,2.666833,104.61325,18.3kn,344.2Deg,344.0Deg,"VNHPH""BBBBBBBBBBBBB",2026-09-30 02:00:00,2026-09-26 23:57:16
2026-09-27 00:03:04,ITAL USODIMARE,247009600,9196979,IBPO,Container,Under way using engine,16-27.921N,113-10.628E,16.46535,113.177133,13.8kn,33.0Deg,37.0Deg,"QINGDAO, CN",2026-10-01 06:00:00,2026-09-27 00:02:53
2026-09-27 01:46:58,WAN HAI 517,566942000,9457660,9V7583,Container,Under way using engine,18-01.397N,116-50.287E,18.023283,116.838117,14.8kn,35.6Deg,36.0Deg,"KAOHSIUNG, CN",2026-09-29 18:40:00,2026-09-27 01:40:11
2026-09-27 01:47:07,9400186,563123500,9400186,9V3760,Container,Under way using engine,1-30.663N,104-33.331E,1.51105,104.555517,10.2kn,229.1Deg,227.0Deg,CNSHK>SGSIN EBGA,2026-09-27 06:30:00,2026-09-27 01:46:49
2026-09-27 01:47:15,REN JIAN 19,414333000,9280809,BQOJ,Container,Under way using engine,4-38.242N,99-48.511E,4.637367,99.808517,2.2kn,328.2Deg,Unknown,"SINGAPORE, SG",2026-09-28 17:00:00,2026-09-27 01:41:41
2026-09-27 01:47:23,MSC DITTE,636017569,9754953,D5LP2,Container,Under way using engine,25-46.596N,4-30.914W,25.7766,-4.515233,0.4kn,312.5Deg,31.0Deg,"KHOR FAKKAN, AE",2026-09-25 00:00:00,2026-09-26 05:31:16
2026-09-27 01:47:32,EVER LEARNED,235098885,9604108,2GNG3,Container,Under way using engine,23-58.913N,119-56.911E,23.981883,119.948517,14.8kn,212.3Deg,212.0Deg,"KAOHSIUNG, CN",2026-09-27 08:30:00,2026-09-27 01:44:47
2026-09-27 01:47:40,HAIAN EAST,574005100,9363144,XVIV7,Container,Under way using engine,3-07.866N,104-51.329E,3.1311,104.855483,17.5kn,44.7Deg,Unknown,"HAIPHONG, VN",2026-09-30 02:00:00,2026-09-27 01:43:45
2026-09-27 01:47:48,ITAL USODIMARE,247009600,9196979,IBPO,Container,Under way using engine,16-36.059N,113-15.799E,16.600983,113.263317,14.1kn,31.0Deg,34.0Deg,"QINGDAO, CN",2026-10-01 06:00:00,2026-09-27 00:43:25
2026-09-27 02:01:55,WAN HAI 517,566942000,9457660,9V7583,Container,Under way using engine,18-04.264N,116-52.471E,18.071067,116.874517,14.5kn,35.5Deg,36.0Deg,"KAOHSIUNG, CN",2026-09-29 18:40:00,2026-09-27 01:54:41
2026-09-27 02:02:06,9400186,563123500,9400186,9V3760,Container,Under way using engine,1-29.011N,104-31.369E,1.483517,104.522817,10.2kn,229.4Deg,229.0Deg,CNSHK>SGSIN EBGA,2026-09-27 06:30:00,2026-09-27 02:01:51
2026-09-27 02:02:15,REN JIAN 19,414333000,9280809,BQOJ,Container,Under way using engine,4-38.562N,99-48.323E,4.6427,99.805383,2.0kn,330.2Deg,Unknown,"SINGAPORE, SG",2026-09-28 17:00:00,2026-09-27 01:51:46
2026-09-27 02:02:25,MSC DITTE,636017569,9754953,D5LP2,Container,Under way using engine,25-46.596N,4-30.914W,25.7766,-4.515233,0.4kn,312.5Deg,31.0Deg,"KHOR FAKKAN, AE",2026-09-25 00:00:00,2026-09-26 05:31:16
2026-09-27 02:02:35,EVER LEARNED,235098885,9604108,2GNG3,Container,Under way using engine,23-55.431N,119-54.222E,23.92385,119.9037,14.2kn,218.0Deg,215.0Deg,"KAOHSIUNG, CN",2026-09-27 08:30:00,2026-09-27 02:02:24
2026-09-27 02:02:45,HAIAN EAST,574005100,9363144,XVIV7,Container,Under way using engine,3-10.955N,104-53.977E,3.182583,104.899617,17.4kn,40.0Deg,39.0Deg,"HAIPHONG, VN",2026-09-30 02:00:00,2026-09-27 01:57:27
2026-09-27 02:02:55,ITAL USODIMARE,247009600,9196979,IBPO,Container,Under way using engine,16-49.103N,113-23.735E,16.818383,113.395583,13.4kn,29.0Deg,32.0Deg,"QINGDAO, CN",2026-10-01 06:00:00,2026-09-27 01:49:15
2026-09-27 04:01:59,WAN HAI 517,566942000,9457660,9V7583,Container,Under way using engine,18-28.508N,117-10.369E,18.475133,117.172817,15.3kn,35.5Deg,36.0Deg,"KAOHSIUNG, CN",2026-09-29 18:40:00,2026-09-27 03:54:29
2026-09-27 04:02:06,9400186,563123500,9400186,9V3760,Container,Under way using engine,1-18.221N,104-14.978E,1.303683,104.249633,9.3kn,258.7Deg,257.0Deg,CNSHK>SGSIN EBGA,2026-09-27 06:30:00,2026-09-27 04:01:51
2026-09-27 04:02:15,REN JIAN 19,414333000,9280809,BQOJ,Container,Under way using engine,4-40.910N,99-47.243E,4.681833,99.787383,1.1kn,346.2Deg,Unknown,"SINGAPORE, SG",2026-09-28 17:00:00,2026-09-27 03:37:51
2026-09-27 04:02:23,MSC DITTE,636017569,9754953,D5LP2,Container,Under way using engine,25-46.596N,4-30.914W,25.7766,-4.515233,0.4kn,312.5Deg,31.0Deg,"KHOR FAKKAN, AE",2026-09-25 00:00:00,2026-09-26 05:31:16
2026-09-27 04:02:30,EVER LEARNED,235098885,9604108,2GNG3,Container,Under way using engine,23-27.427N,119-53.028E,23.457117,119.8838,15.8kn,179.7Deg,180.0Deg,"KAOHSIUNG, CN",2026-09-27 08:30:00,2026-09-27 04:02:11
2026-09-27 04:02:38,HAIAN EAST,574005100,9363144,XVIV7,Container,Under way using engine,3-36.217N,105-18.803E,3.603617,105.313383,17.4kn,43.7Deg,43.0Deg,"HAIPHONG, VN",2026-09-30 02:00:00,2026-09-27 03:58:39
2026-09-27 04:02:45,ITAL USODIMARE,247009600,9196979,IBPO,Container,Under way using engine,17-14.394N,113-39.084E,17.2399,113.6514,13.6kn,31.0Deg,30.0Deg,"QINGDAO, CN",2026-10-01 06:00:00,2026-09-27 03:59:05
2026-09-27 06:02:04,WAN HAI 517,566942000,9457660,9V7583,Container,Under way using engine,18-53.901N,117-29.055E,18.89835,117.48425,14.8kn,35.2Deg,33.0Deg,"KAOHSIUNG, CN",2026-09-29 18:40:00,2026-09-27 05:57:23
2026-09-27 06:02:11,9400186,563123500,9400186,9V3760,Container,Under way using engine,1-14.566N,103-56.725E,1.242767,103.945417,8.0kn,249.0Deg,250.0Deg,CNSHK>SGSIN EBGA,2026-09-27 06:30:00,2026-09-27 06:02:00
2026-09-27 06:02:19,REN JIAN 19,414333000,9280809,BQOJ,Container,Under way using engine,4-41.806N,99-47.292E,4.696767,99.7882,0.4kn,144.8Deg,229.0Deg,"SINGAPORE, SG",2026-09-28 19:30:00,2026-09-27 05:46:33
2026-09-27 06:02:27,MSC DITTE,636017569,9754953,D5LP2,Container,Under way using engine,25-46.596N,4-30.914W,25.7766,-4.515233,0.4kn,312.5Deg,31.0Deg,"KHOR FAKKAN, AE",2026-09-25 00:00:00,2026-09-26 05:31:16
2026-09-27 06:02:34,EVER LEARNED,235098885,9604108,2GNG3,Container,Under way using engine,22-53.848N,119-57.607E,22.897467,119.960117,15.5kn,164.2Deg,164.0Deg,"KAOHSIUNG, CN",2026-09-27 08:30:00,2026-09-27 06:02:30
2026-09-27 06:02:42,HAIAN EAST,574005100,9363144,XVIV7,Container,Under way using engine,4-02.325N,105-43.895E,4.03875,105.731583,17.5kn,39.8Deg,37.0Deg,"HAIPHONG, VN",2026-09-30 02:00:00,2026-09-27 06:01:26
2026-09-27 06:02:49,ITAL USODIMARE,247009600,9196979,IBPO,Container,Under way using engine,17-16.746N,113-40.549E,17.2791,113.675817,13.6kn,31.0Deg,30.0Deg,"QINGDAO, CN",2026-10-01 06:00:00,2026-09-27 04:11:03
2026-09-27 07:26:54,WAN HAI 517,566942000,9457660,9V7583,Container,Under way using engine,19-09.600N,117-40.650E,19.16,117.6775,14.8kn,35.0Deg,35.0Deg,"KAOHSIUNG, CN",2026-09-29 18:40:00,2026-09-27 07:14:59
2026-09-27 07:27:03,9400186,563123500,9400186,9V3760,Container,Under way using engine,1-14.135N,103-46.992E,1.235583,103.7832,8.1kn,325.0Deg,322.0Deg,CNSHK>SGSIN EBGA,2026-09-27 06:30:00,2026-09-27 07:26:50
2026-09-27 07:27:12,REN JIAN 19,414333000,9280809,BQOJ,Container,Under way using engine,4-41.306N,99-47.512E,4.688433,99.791867,0.3kn,159.5Deg,225.0Deg,"SINGAPORE, SG",2026-09-28 19:30:00,2026-09-27 07:24:33
2026-09-27 07:27:21,MSC DITTE,636017569,9754953,D5LP2,Container,Under way using engine,25-46.596N,4-30.914W,25.7766,-4.515233,0.4kn,312.5Deg,31.0Deg,"KHOR FAKKAN, AE",2026-09-25 00:00:00,2026-09-26 05:31:16
2026-09-27 07:27:30,EVER LEARNED,235098885,9604108,2GNG3,Container,Under way using engine,22-37.660N,120-01.167E,22.627667,120.01945,10.7kn,180.3Deg,183.0Deg,"KAOHSIUNG, CN",2026-09-27 11:10:00,2026-09-27 07:27:23
2026-09-27 07:27:38,HAIAN EAST,574005100,9363144,XVIV7,Container,Under way using engine,4-21.018N,106-01.138E,4.3503,106.018967,17.7kn,47.7Deg,45.0Deg,"HAIPHONG, VN",2026-09-30 02:00:00,2026-09-27 07:27:27
2026-09-27 07:27:46,ITAL USODIMARE,247009600,9196979,IBPO,Container,Under way using engine,17-50.657N,114-00.834E,17.844283,114.0139,13.6kn,29.0Deg,29.0Deg,"QINGDAO, CN",2026-10-01 06:00:00,2026-09-27 07:03:14
2026-09-27 08:01:58,WAN HAI 517,566942000,9457660,9V7583,Container,Under way using engine,19-12.397N,117-42.728E,19.206617,117.712133,14.8kn,35.2Deg,35.0Deg,"KAOHSIUNG, CN",2026-09-29 18:40:00,2026-09-27 07:28:47
2026-09-27 08:02:08,9400186,563123500,9400186,9V3760,Container,Under way using engine,1-16.833N,103-44.662E,1.28055,103.744367,4.2kn,330.9Deg,330.0Deg,CNSHK>SGSIN EBGA,2026-09-27 06:30:00,2026-09-27 08:02:00
2026-09-27 08:02:18,REN JIAN 19,414333000,9280809,BQOJ,Container,Under way using engine,4-41.254N,99-47.490E,4.687567,99.7915,0.1kn,111.3Deg,211.0Deg,"SINGAPORE, SG",2026-09-28 19:30:00,2026-09-27 07:59:44
2026-09-27 08:02:28,MSC DITTE,636017569,9754953,D5LP2,Container,Under way using engine,25-46.596N,4-30.914W,25.7766,-4.515233,0.4kn,312.5Deg,31.0Deg,"KHOR FAKKAN, AE",2026-09-25 00:00:00,2026-09-26 05:31:16
2026-09-27 08:02:39,EVER LEARNED,235098885,9604108,2GNG3,Container,Under way using engine,22-32.678N,120-01.485E,22.544633,120.02475,5.8kn,137.7Deg,123.0Deg,"KAOHSIUNG, CN",2026-09-27 11:10:00,2026-09-27 08:02:31
2026-09-27 08:02:48,HAIAN EAST,574005100,9363144,XVIV7,Container,Under way using engine,4-29.754N,106-06.491E,4.4959,106.108183,17.3kn,27.4Deg,26.0Deg,"HAIPHONG, VN",2026-09-30 02:00:00,2026-09-27 08:02:39
2026-09-27 08:02:58,ITAL USODIMARE,247009600,9196979,IBPO,Container,Under way using engine,17-50.657N,114-00.834E,17.844283,114.0139,13.6kn,29.0Deg,29.0Deg,"QINGDAO, CN",2026-10-01 06:00:00,2026-09-27 07:03:14
2026-09-27 10:02:04,WAN HAI 517,566942000,9457660,9V7583,Container,Under way using engine,19-40.909N,118-03.992E,19.681817,118.066533,14.6kn,33.4Deg,Unknown,"KAOHSIUNG, CN",2026-09-29 18:40:00,2026-09-27 09:51:31
2026-09-27 10:02:14,9400186,563123500,9400186,9V3760,Container,Moored,1-17.335N,103-45.786E,1.288917,103.7631,0kn,51.2Deg,Unknown,CNSHK>SGSIN EBGA,2026-09-27 06:30:00,2026-09-27 09:52:40
2026-09-27 10:02:24,REN JIAN 19,414333000,9280809,BQOJ,Container,Under way using engine,4-41.245N,99-47.477E,4.687417,99.791283,0.1kn,300.1Deg,227.0Deg,"SINGAPORE, SG",2026-09-28 19:30:00,2026-09-27 08:21:44
2026-09-27 10:02:33,MSC DITTE,636017569,9754953,D5LP2,Container,Under way using engine,25-46.596N,4-30.914W,25.7766,-4.515233,0.4kn,312.5Deg,31.0Deg,"KHOR FAKKAN, AE",2026-09-25 00:00:00,2026-09-26 05:31:16
2026-09-27 10:02:43,EVER LEARNED,235098885,9604108,2GNG3,Container,Under way using engine,22-31.496N,120-06.196E,22.524933,120.103267,0.3kn,131.5Deg,158.0Deg,"KAOHSIUNG, CN",2026-09-27 11:10:00,2026-09-27 10:02:20
2026-09-27 10:02:54,HAIAN EAST,574005100,9363144,XVIV7,Container,Under way using engine,4-53.872N,106-18.108E,4.897867,106.3018,17.6kn,25.5Deg,26.0Deg,"HAIPHONG, VN",2026-09-30 02:00:00,2026-09-27 09:33:27
2026-09-27 10:03:04,ITAL USODIMARE,247009600,9196979,IBPO,Container,Under way using engine,17-50.657N,114-00.834E,17.844283,114.0139,13.6kn,29.0Deg,29.0Deg,"QINGDAO, CN",2026-10-01 06:00:00,2026-09-27 07:03:14
2026-09-27 12:01:59,WAN HAI 517,566942000,9457660,9V7583,Container,Under way using engine,20-06.380N,118-22.623E,20.106333,118.37705,14.9kn,36.5Deg,Unknown,"KAOHSIUNG, CN",2026-09-29 18:40:00,2026-09-27 11:56:48
2026-09-27 12:02:08,9400186,563123500,9400186,9V3760,Container,Moored,1-17.337N,103-45.786E,1.28895,103.7631,0kn,263.4Deg,119.0Deg,CNSHK>SGSIN EBGA,2026-09-27 06:30:00,2026-09-27 12:01:49
2026-09-27 12:02:17,REN JIAN 19,414333000,9280809,BQOJ,Container,Under way using engine,4-44.531N,99-44.616E,4.742183,99.7436,2.3kn,330.3Deg,Unknown,"SINGAPORE, SG",2026-09-28 19:30:00,2026-09-27 11:54:16
2026-09-27 12:02:26,MSC DITTE,636017569,9754953,D5LP2,Container,Under way using engine,25-46.596N,4-30.914W,25.7766,-4.515233,0.4kn,312.5Deg,31.0Deg,"KHOR FAKKAN, AE",2026-09-25 00:00:00,2026-09-26 05:31:16
2026-09-27 12:02:35,EVER LEARNED,235098885,9604108,2GNG3,Container,Under way using engine,22-31.873N,120-13.825E,22.531217,120.230417,1.3kn,335.1Deg,341.0Deg,"KAOHSIUNG, CN",2026-09-27 12:00:00,2026-09-27 12:02:21
2026-09-27 12:02:44,HAIAN EAST,574005100,9363144,XVIV7,Container,Under way using engine,4-53.872N,106-18.108E,4.897867,106.3018,17.6kn,25.5Deg,26.0Deg,"HAIPHONG, VN",2026-09-30 02:00:00,2026-09-27 09:33:27
2026-09-27 12:02:53,ITAL USODIMARE,247009600,9196979,IBPO,Container,Under way using engine,18-50.135N,114-36.956E,18.835583,114.615933,14.1kn,31.0Deg,35.0Deg,"QINGDAO, CN",2026-10-01 06:00:00,2026-09-27 11:56:07
2026-09-27 13:16:59,WAN HAI 517,566942000,9457660,9V7583,Container,Under way using engine,20-08.014N,118-23.870E,20.133567,118.397833,14.8kn,35.7Deg,Unknown,"KAOHSIUNG, CN",2026-09-29 18:40:00,2026-09-27 12:05:06
2026-09-27 13:17:06,9400186,563123500,9400186,9V3760,Container,Moored,1-17.337N,103-45.786E,1.28895,103.7631,0kn,263.4Deg,119.0Deg,CNSHK>SGSIN EBGA,2026-09-27 06:30:00,2026-09-27 13:13:49
2026-09-27 13:17:16,REN JIAN 19,414333000,9280809,BQOJ,Container,Under way using engine,4-46.897N,99-43.563E,4.781617,99.72605,2.4kn,342.6Deg,Unknown,"SINGAPORE, SG",2026-09-28 19:30:00,2026-09-27 12:59:25
2026-09-27 13:17:24,MSC DITTE,636017569,9754953,D5LP2,Container,Under way using engine,25-46.596N,4-30.914W,25.7766,-4.515233,0.4kn,312.5Deg,31.0Deg,"KHOR FAKKAN, AE",2026-09-25 00:00:00,2026-09-26 05:31:16
2026-09-27 13:17:32,EVER LEARNED,235098885,9604108,2GNG3,Container,Moored,22-31.894N,120-19.111E,22.531567,120.318517,0.4kn,153.2Deg,143.0Deg,"KAOHSIUNG, CN",2026-09-27 12:00:00,2026-09-27 13:17:02
2026-09-27 13:17:40,HAIAN EAST,574005100,9363144,XVIV7,Container,Under way using engine,5-50.410N,106-46.666E,5.840167,106.777767,18.1kn,26.8Deg,26.0Deg,"HAIPHONG, VN",2026-09-30 02:00:00,2026-09-27 13:05:40
2026-09-27 13:17:47,ITAL USODIMARE,247009600,9196979,IBPO,Container,Under way using engine,19-05.543N,114-46.494E,19.092383,114.7749,13.8kn,30.0Deg,34.0Deg,"QINGDAO, CN",2026-10-01 06:00:00,2026-09-27 13:12:28
2026-09-27 14:02:09,WAN HAI 517,566942000,9457660,9V7583,Container,Under way using engine,20-08.014N,118-23.870E,20.133567,118.397833,14.8kn,35.7Deg,Unknown,"KAOHSIUNG, CN",2026-09-29 18:40:00,2026-09-27 12:05:06
2026-09-27 14:02:17,9400186,563123500,9400186,9V3760,Container,Moored,1-17.336N,103-45.786E,1.288933,103.7631,0kn,263.4Deg,119.0Deg,CNSHK>SGSIN EBGA,2026-09-27 06:30:00,2026-09-27 13:58:48
2026-09-27 14:02:26,REN JIAN 19,414333000,9280809,BQOJ,Container,Under way using engine,4-49.334N,99-42.829E,4.822233,99.713817,2.4kn,343.4Deg,227.0Deg,"SINGAPORE, SG",2026-09-28 19:30:00,2026-09-27 14:02:02
2026-09-27 14:02:35,MSC DITTE,636017569,9754953,D5LP2,Container,Under way using engine,25-46.596N,4-30.914W,25.7766,-4.515233,0.4kn,312.5Deg,31.0Deg,"KHOR FAKKAN, AE",2026-09-25 00:00:00,2026-09-26 05:31:16
2026-09-27 14:02:43,EVER LEARNED,235098885,9604108,2GNG3,Container,Moored,22-31.891N,120-19.111E,22.531517,120.318517,0.1kn,208.6Deg,143.0Deg,"KAOHSIUNG, CN",2026-09-27 12:00:00,2026-09-27 13:59:03
2026-09-27 14:02:51,HAIAN EAST,574005100,9363144,XVIV7,Container,Under way using engine,6-02.348N,106-52.879E,6.039133,106.881317,18.1kn,25.6Deg,23.0Deg,"HAIPHONG, VN",2026-09-30 02:00:00,2026-09-27 13:49:51
2026-09-27 14:03:00,ITAL USODIMARE,247009600,9196979,IBPO,Container,Under way using engine,19-06.377N,114-47.022E,19.106283,114.7837,13.8kn,31.0Deg,34.0Deg,"QINGDAO, CN",2026-10-01 06:00:00,2026-09-27 13:16:38
2026-09-27 16:02:00,WAN HAI 517,566942000,9457660,9V7583,Container,Under way using engine,20-08.014N,118-23.870E,20.133567,118.397833,14.8kn,35.7Deg,Unknown,"KAOHSIUNG, CN",2026-09-29 18:40:00,2026-09-27 12:05:06
2026-09-27 16:02:08,9400186,563123500,9400186,9V3760,Container,Moored,1-17.334N,103-45.785E,1.2889,103.763083,0kn,263.4Deg,119.0Deg,CNSHK>SGSIN EBGA,2026-09-27 06:30:00,2026-09-27 16:01:49
2026-09-27 16:02:16,REN JIAN 19,414333000,9280809,BQOJ,Container,Under way using engine,4-52.617N,99-42.190E,4.87695,99.703167,1.8kn,271.0Deg,221.0Deg,"SINGAPORE, SG",2026-09-28 19:30:00,2026-09-27 16:02:03
2026-09-27 16:02:24,MSC DITTE,636017569,9754953,D5LP2,Container,Under way using engine,25-46.596N,4-30.914W,25.7766,-4.515233,0.4kn,312.5Deg,31.0Deg,"KHOR FAKKAN, AE",2026-09-25 00:00:00,2026-09-26 05:31:16
2026-09-27 16:02:33,EVER LEARNED,235098885,9604108,2GNG3,Container,Moored,22-31.889N,120-19.111E,22.531483,120.318517,0.2kn,193.6Deg,143.0Deg,"KAOHSIUNG, CN",2026-09-27 12:00:00,2026-09-27 15:59:03
2026-09-27 16:02:40,HAIAN EAST,574005100,9363144,XVIV7,Container,Under way using engine,6-38.273N,107-10.268E,6.637883,107.171133,18.4kn,33.6Deg,32.0Deg,"HAIPHONG, VN",2026-09-30 02:00:00,2026-09-27 15:59:57
2026-09-27 16:02:48,ITAL USODIMARE,247009600,9196979,IBPO,Container,Under way using engine,19-06.377N,114-47.022E,19.106283,114.7837,13.8kn,31.0Deg,34.0Deg,"QINGDAO, CN",2026-10-01 06:00:00,2026-09-27 13:16:38
2026-09-27 17:49:09,WAN HAI 517,566942000,9457660,9V7583,Container,Under way using engine,20-08.014N,118-23.870E,20.133567,118.397833,14.8kn,35.7Deg,Unknown,"KAOHSIUNG, CN",2026-09-29 18:40:00,2026-09-27 12:05:06
2026-09-27 17:49:18,9400186,563123500,9400186,9V3760,Container,Moored,1-17.333N,103-45.788E,1.288883,103.763133,0kn,263.4Deg,120.0Deg,CNSHK>SGSIN EBGA,2026-09-27 06:30:00,2026-09-27 17:43:49
2026-09-27 17:49:28,REN JIAN 19,414333000,9280809,BQOJ,Container,Under way using engine,4-35.751N,99-42.784E,4.59585,99.713067,12.5kn,180.3Deg,180.0Deg,"SINGAPORE, SG",2026-09-28 22:30:00,2026-09-27 17:33:23
2026-09-27 17:49:38,MSC DITTE,636017569,9754953,D5LP2,Container,Under way using engine,25-46.596N,4-30.914W,25.7766,-4.515233,0.4kn,312.5Deg,31.0Deg,"KHOR FAKKAN, AE",2026-09-25 00:00:00,2026-09-26 05:31:16
2026-09-27 17:49:47,EVER LEARNED,235098885,9604108,2GNG3,Container,Moored,22-31.897N,120-19.103E,22.531617,120.318383,0kn,124.1Deg,143.0Deg,"KAOHSIUNG, CN",2026-09-27 12:00:00,2026-09-27 17:47:03
2026-09-27 17:49:57,HAIAN EAST,574005100,9363144,XVIV7,Container,Under way using engine,7-08.211N,107-23.376E,7.13685,107.3896,18.0kn,29.7Deg,30.0Deg,"HAIPHONG, VN",2026-09-30 02:00:00,2026-09-27 17:47:21
2026-09-27 17:50:07,ITAL USODIMARE,247009600,9196979,IBPO,Container,Under way using engine,20-01.129N,115-21.163E,20.018817,115.352717,14.2kn,36.0Deg,39.0Deg,"QINGDAO, CN",2026-10-01 06:00:00,2026-09-27 17:48:45
2026-09-27 18:01:58,WAN HAI 517,566942000,9457660,9V7583,Container,Under way using engine,20-08.014N,118-23.870E,20.133567,118.397833,14.8kn,35.7Deg,Unknown,"KAOHSIUNG, CN",2026-09-29 18:40:00,2026-09-27 12:05:06
2026-09-27 18:02:08,9400186,563123500,9400186,9V3760,Container,Moored,1-17.334N,103-45.787E,1.2889,103.763117,0kn,263.4Deg,120.0Deg,CNSHK>SGSIN EBGA,2026-09-27 06:30:00,2026-09-27 17:58:48
2026-09-27 18:02:18,REN JIAN 19,414333000,9280809,BQOJ,Container,Under way using engine,4-35.751N,99-42.784E,4.59585,99.713067,12.5kn,180.3Deg,180.0Deg,"SINGAPORE, SG",2026-09-28 22:30:00,2026-09-27 17:33:23
2026-09-27 18:02:28,MSC DITTE,636017569,9754953,D5LP2,Container,Under way using engine,25-46.596N,4-30.914W,25.7766,-4.515233,0.4kn,312.5Deg,31.0Deg,"KHOR FAKKAN, AE",2026-09-25 00:00:00,2026-09-26 05:31:16
2026-09-27 18:02:37,EVER LEARNED,235098885,9604108,2GNG3,Container,Moored,22-31.890N,120-19.107E,22.5315,120.31845,0kn,163.5Deg,143.0Deg,"KAOHSIUNG, CN",2026-09-27 12:00:00,2026-09-27 17:59:03
2026-09-27 18:02:47,HAIAN EAST,574005100,9363144,XVIV7,Container,Under way using engine,7-11.920N,107-25.481E,7.198667,107.424683,18.1kn,29.5Deg,29.0Deg,"HAIPHONG, VN",2026-09-30 02:00:00,2026-09-27 18:01:26
2026-09-27 18:02:57,ITAL USODIMARE,247009600,9196979,IBPO,Container,Under way using engine,20-03.790N,115-23.247E,20.063167,115.38745,14.3kn,37.0Deg,39.0Deg,"QINGDAO, CN",2026-10-01 06:00:00,2026-09-27 18:02:46
2026-09-27 20:01:58,WAN HAI 517,566942000,9457660,9V7583,Container,Under way using engine,20-08.014N,118-23.870E,20.133567,118.397833,14.8kn,35.7Deg,Unknown,"KAOHSIUNG, CN",2026-09-29 18:40:00,2026-09-27 12:05:06
2026-09-27 20:02:08,9400186,563123500,9400186,9V3760,Container,Moored,1-17.335N,103-45.786E,1.288917,103.7631,0kn,263.4Deg,119.0Deg,CNSHK>SGSIN EBGA,2026-09-27 06:30:00,2026-09-27 20:01:49
2026-09-27 20:02:18,REN JIAN 19,414333000,9280809,BQOJ,Container,Under way using engine,4-04.380N,99-44.840E,4.073,99.747333,12.4kn,178.7Deg,181.0Deg,"SINGAPORE, SG",2026-09-28 22:30:00,2026-09-27 19:59:34
2026-09-27 20:02:27,MSC DITTE,636017569,9754953,D5LP2,Container,Under way using engine,25-46.596N,4-30.914W,25.7766,-4.515233,0.4kn,312.5Deg,31.0Deg,"KHOR FAKKAN, AE",2026-09-25 00:00:00,2026-09-26 05:31:16
2026-09-27 20:02:38,EVER LEARNED,235098885,9604108,2GNG3,Container,Moored,22-31.888N,120-19.111E,22.531467,120.318517,0.1kn,152.6Deg,143.0Deg,"KAOHSIUNG, CN",2026-09-27 12:00:00,2026-09-27 19:59:03
2026-09-27 20:02:48,HAIAN EAST,574005100,9363144,XVIV7,Container,Under way using engine,7-39.726N,107-39.230E,7.6621,107.653833,18.1kn,23.4Deg,24.0Deg,"HAIPHONG, VN",2026-09-30 02:00:00,2026-09-27 19:43:46
2026-09-27 20:02:58,ITAL USODIMARE,247009600,9196979,IBPO,Container,Under way using engine,20-26.512N,115-41.026E,20.441867,115.683767,14.3kn,37.0Deg,37.0Deg,"QINGDAO, CN",2026-10-01 06:00:00,2026-09-27 20:01:18
2026-09-27 20:41:29,WAN HAI 517,566942000,9457660,9V7583,Container,Under way using engine,21-50.028N,119-39.942E,21.8338,119.6657,14.9kn,34.8Deg,41.0Deg,"KAOHSIUNG, CN",2026-09-29 18:40:00,2026-09-27 20:39:28
2026-09-27 20:41:37,9400186,563123500,9400186,9V3760,Container,Moored,1-17.335N,103-45.787E,1.288917,103.763117,0kn,263.4Deg,119.0Deg,"PORT KLANG, MY",2026-09-27 06:30:00,2026-09-27 20:40:48
2026-09-27 20:41:45,REN JIAN 19,414333000,9280809,BQOJ,Container,Under way using engine,3-57.061N,99-46.893E,3.951017,99.78155,12.5kn,157.8Deg,Unknown,"SINGAPORE, SG",2026-09-28 22:30:00,2026-09-27 20:38:09
2026-09-27 20:41:53,MSC DITTE,636017569,9754953,D5LP2,Container,Under way using engine,25-46.596N,4-30.914W,25.7766,-4.515233,0.4kn,312.5Deg,31.0Deg,"KHOR FAKKAN, AE",2026-09-25 00:00:00,2026-09-26 05:31:16
2026-09-27 20:42:02,EVER LEARNED,235098885,9604108,2GNG3,Container,Moored,22-31.892N,120-19.111E,22.531533,120.318517,0kn,280.4Deg,143.0Deg,"KAOHSIUNG, CN",2026-09-27 12:00:00,2026-09-27 20:41:03
2026-09-27 20:42:10,HAIAN EAST,574005100,9363144,XVIV7,Container,Under way using engine,7-46.949N,107-42.304E,7.782483,107.705067,18.1kn,22.7Deg,22.0Deg,"HAIPHONG, VN",2026-09-30 02:00:00,2026-09-27 20:09:28
2026-09-27 20:42:18,ITAL USODIMARE,247009600,9196979,IBPO,Container,Under way using engine,20-33.863N,115-46.867E,20.564383,115.781117,14.2kn,37.0Deg,37.0Deg,"QINGDAO, CN",2026-10-01 06:00:00,2026-09-27 20:39:40
2026-09-27 22:02:04,WAN HAI 517,566942000,9457660,9V7583,Container,Under way using engine,22-06.905N,119-53.492E,22.115083,119.891533,15.9kn,40.5Deg,43.0Deg,"KAOHSIUNG, CN",2026-09-29 18:40:00,2026-09-27 22:00:34
2026-09-27 22:02:13,9400186,563123500,9400186,9V3760,Container,Moored,1-17.334N,103-45.787E,1.2889,103.763117,0kn,32.0Deg,120.0Deg,"PORT KLANG, MY",2026-09-27 06:30:00,2026-09-27 21:58:48
2026-09-27 22:02:23,REN JIAN 19,414333000,9280809,BQOJ,Container,Under way using engine,3-45.769N,99-55.626E,3.762817,99.9271,11.9kn,132.1Deg,133.0Deg,"SINGAPORE, SG",2026-09-28 22:30:00,2026-09-27 21:50:22
2026-09-27 22:02:32,MSC DITTE,636017569,9754953,D5LP2,Container,Under way using engine,25-46.596N,4-30.914W,25.7766,-4.515233,0.4kn,312.5Deg,31.0Deg,"KHOR FAKKAN, AE",2026-09-25 00:00:00,2026-09-26 05:31:16
2026-09-27 22:02:42,EVER LEARNED,235098885,9604108,2GNG3,Container,Moored,22-31.887N,120-19.107E,22.53145,120.31845,0.1kn,152.2Deg,143.0Deg,"KAOHSIUNG, CN",2026-09-27 12:00:00,2026-09-27 21:59:02
2026-09-27 22:02:52,HAIAN EAST,574005100,9363144,XVIV7,Container,Under way using engine,8-09.199N,107-52.697E,8.153317,107.878283,18.3kn,47.9Deg,49.0Deg,"HAIPHONG, VN",2026-09-30 02:00:00,2026-09-27 21:31:04
2026-09-27 22:03:01,ITAL USODIMARE,247009600,9196979,IBPO,Container,Under way using engine,20-45.887N,115-55.788E,20.764783,115.9298,14.4kn,37.0Deg,36.0Deg,"QINGDAO, CN",2026-10-01 06:00:00,2026-09-27 21:42:05
2026-09-27 23:32:19,WAN HAI 517,566942000,9457660,9V7583,Container,Under way using engine,22-24.849N,120-07.415E,22.41415,120.123583,11.1kn,37.3Deg,35.0Deg,"KAOHSIUNG, CN",2026-09-29 18:40:00,2026-09-27 23:32:08
2026-09-27 23:32:27,9400186,563123500,9400186,9V3760,Container,Under way using engine,1-16.042N,103-44.663E,1.267367,103.744383,9.8kn,221.7Deg,228.0Deg,"PORT KLANG, MY",2026-09-27 06:30:00,2026-09-27 23:32:16
2026-09-27 23:32:36,REN JIAN 19,414333000,9280809,BQOJ,Container,Under way using engine,3-35.780N,100-06.595E,3.596333,100.109917,10.9kn,131.6Deg,132.0Deg,"SINGAPORE, SG",2026-09-28 22:30:00,2026-09-27 23:08:04
2026-09-27 23:32:44,MSC DITTE,636017569,9754953,D5LP2,Container,Under way using engine,25-46.596N,4-30.914W,25.7766,-4.515233,0.4kn,312.5Deg,31.0Deg,"KHOR FAKKAN, AE",2026-09-25 00:00:00,2026-09-26 05:31:16
2026-09-27 23:32:53,EVER LEARNED,235098885,9604108,2GNG3,Container,Moored,22-31.901N,120-19.114E,22.531683,120.318567,0kn,248.0Deg,143.0Deg,"KAOHSIUNG, CN",2026-09-27 12:00:00,2026-09-27 23:32:03
2026-09-27 23:33:02,HAIAN EAST,574005100,9363144,XVIV7,Container,Under way using engine,8-09.199N,107-52.697E,8.153317,107.878283,18.3kn,47.9Deg,49.0Deg,"HAIPHONG, VN",2026-09-30 02:00:00,2026-09-27 21:31:04
2026-09-27 23:33:11,ITAL USODIMARE,247009600,9196979,IBPO,Container,Under way using engine,20-45.887N,115-55.788E,20.764783,115.9298,14.4kn,37.0Deg,36.0Deg,MYPKL;8L9PD>BBBBBBB,2026-10-01 06:00:00,2026-09-27 21:42:05
2026-09-28 00:02:12,WAN HAI 517,566942000,9457660,9V7583,Container,Under way using engine,22-28.932N,120-11.207E,22.4822,120.186783,10.5kn,38.4Deg,35.0Deg,"KAOHSIUNG, CN",2026-09-29 18:40:00,2026-09-28 00:01:57
2026-09-28 00:02:20,9400186,563123500,9400186,9V3760,Container,Under way using engine,1-13.087N,103-40.844E,1.218117,103.680733,7.4kn,223.3Deg,220.0Deg,"PORT KLANG, MY",2026-09-27 06:30:00,2026-09-28 00:02:05
2026-09-28 00:02:27,REN JIAN 19,414333000,9280809,BQOJ,Container,Under way using engine,3-35.780N,100-06.595E,3.596333,100.109917,10.9kn,131.6Deg,132.0Deg,SGSIN!A\H\FBBBBBBBB,2026-09-28 22:30:00,2026-09-27 23:08:04
2026-09-28 00:02:36,MSC DITTE,636017569,9754953,D5LP2,Container,Under way using engine,25-46.596N,4-30.914W,25.7766,-4.515233,0.4kn,312.5Deg,31.0Deg,"KHOR FAKKAN, AE",2026-09-25 00:00:00,2026-09-26 05:31:16
2026-09-28 00:02:43,EVER LEARNED,235098885,9604108,2GNG3,Container,Moored,22-31.890N,120-19.111E,22.5315,120.318517,0kn,240.5Deg,143.0Deg,"KAOHSIUNG, CN",2026-09-27 12:00:00,2026-09-27 23:59:03
2026-09-28 00:02:51,HAIAN EAST,574005100,9363144,XVIV7,Container,Under way using engine,8-47.826N,108-11.988E,8.7971,108.1998,18.3kn,24.5Deg,22.0Deg,"HAIPHONG, VN",2026-09-30 02:00:00,2026-09-27 23:51:46
2026-09-28 00:02:59,ITAL USODIMARE,247009600,9196979,IBPO,Container,Under way using engine,20-45.887N,115-55.788E,20.764783,115.9298,14.4kn,37.0Deg,36.0Deg,"QINGDAO, CN",2026-10-01 06:00:00,2026-09-27 21:42:05
2026-09-28 01:57:50,WAN HAI 517,566942000,9457660,9V7583,Container,At anchor,22-34.005N,120-14.328E,22.56675,120.2388,0kn,201.7Deg,320.0Deg,"KAOHSIUNG, CN",2026-09-29 18:40:00,2026-09-28 01:56:52
2026-09-28 01:57:58,9400186,563123500,9400186,9V3760,Container,Under way using engine,1-17.885N,103-20.589E,1.298083,103.34315,12.8kn,306.6Deg,304.0Deg,"PORT KLANG, MY",2026-09-28 14:00:00,2026-09-28 01:57:46
2026-09-28 01:58:05,REN JIAN 19,414333000,9280809,BQOJ,Container,Under way using engine,3-15.979N,100-28.817E,3.266317,100.480283,11.5kn,131.7Deg,132.0Deg,"SINGAPORE, SG",2026-09-28 19:00:00,2026-09-28 01:55:04
2026-09-28 01:58:13,MSC DITTE,636017569,9754953,D5LP2,Container,Under way using engine,25-46.596N,4-30.914W,25.7766,-4.515233,0.4kn,312.5Deg,31.0Deg,"KHOR FAKKAN, AE",2026-09-25 00:00:00,2026-09-26 05:31:16
2026-09-28 01:58:21,EVER LEARNED,235098885,9604108,2GNG3,Container,Moored,22-31.890N,120-19.108E,22.5315,120.318467,0kn,166.2Deg,143.0Deg,"KAOHSIUNG, CN",2026-09-27 12:00:00,2026-09-28 01:56:03
2026-09-28 01:58:28,HAIAN EAST,574005100,9363144,XVIV7,Container,Under way using engine,9-18.759N,108-26.999E,9.31265,108.449983,17.7kn,22.0Deg,21.0Deg,"HAIPHONG, VN",2026-09-30 02:00:00,2026-09-28 01:45:31
2026-09-28 01:58:36,ITAL USODIMARE,247009600,9196979,IBPO,Container,Under way using engine,21-34.317N,116-33.080E,21.57195,116.551333,13.7kn,27.0Deg,25.0Deg,"QINGDAO, CN",2026-10-01 06:00:00,2026-09-28 01:53:57
2026-09-28 02:01:59,WAN HAI 517,566942000,9457660,9V7583,Container,At anchor,22-34.005N,120-14.328E,22.56675,120.2388,0kn,201.7Deg,320.0Deg,"KAOHSIUNG, CN",2026-09-29 18:40:00,2026-09-28 01:56:52
2026-09-28 02:02:08,9400186,563123500,9400186,9V3760,Container,Under way using engine,1-18.411N,103-19.880E,1.30685,103.331333,12.7kn,305.9Deg,305.0Deg,"PORT KLANG, MY",2026-09-28 14:00:00,2026-09-28 02:01:56
2026-09-28 02:02:18,REN JIAN 19,414333000,9280809,BQOJ,Container,Under way using engine,3-15.979N,100-28.817E,3.266317,100.480283,11.5kn,131.7Deg,132.0Deg,"SINGAPORE, SG",2026-09-28 19:00:00,2026-09-28 01:55:04
2026-09-28 02:02:28,MSC DITTE,636017569,9754953,D5LP2,Container,Under way using engine,25-46.596N,4-30.914W,25.7766,-4.515233,0.4kn,312.5Deg,31.0Deg,"KHOR FAKKAN, AE",2026-09-25 00:00:00,2026-09-26 05:31:16
2026-09-28 02:02:38,EVER LEARNED,235098885,9604108,2GNG3,Container,Moored,22-31.888N,120-19.108E,22.531467,120.318467,0kn,90.9Deg,143.0Deg,"KAOHSIUNG, CN",2026-09-27 12:00:00,2026-09-28 02:02:02
2026-09-28 02:02:48,HAIAN EAST,574005100,9363144,XVIV7,Container,Under way using engine,9-18.759N,108-26.999E,9.31265,108.449983,17.7kn,22.0Deg,21.0Deg,"HAIPHONG, VN",2026-09-30 02:00:00,2026-09-28 01:45:31
2026-09-28 02:02:58,ITAL USODIMARE,247009600,9196979,IBPO,Container,Under way using engine,21-34.317N,116-33.080E,21.57195,116.551333,13.7kn,27.0Deg,25.0Deg,"QINGDAO, CN",2026-10-01 06:00:00,2026-09-28 01:53:57
2026-09-28 04:01:54,WAN HAI 517,566942000,9457660,9V7583,Container,At anchor,22-34.005N,120-14.337E,22.56675,120.23895,0.1kn,189.2Deg,317.0Deg,"KAOHSIUNG, CN",2026-09-29 18:40:00,2026-09-28 03:59:51
2026-09-28 04:02:01,9400186,563123500,9400186,9V3760,Container,Under way using engine,1-33.939N,102-59.178E,1.56565,102.9863,12.9kn,306.6Deg,305.0Deg,"PORT KLANG, MY",2026-09-28 15:00:00,2026-09-28 04:01:36
2026-09-28 04:02:09,REN JIAN 19,414333000,9280809,BQOJ,Container,Under way using engine,2-58.817N,100-48.204E,2.980283,100.8034,12.1kn,129.0Deg,129.0Deg,"SINGAPORE, SG",2026-09-28 19:00:00,2026-09-28 04:02:04
2026-09-28 04:02:18,MSC DITTE,636017569,9754953,D5LP2,Container,Under way using engine,25-46.596N,4-30.914W,25.7766,-4.515233,0.4kn,312.5Deg,31.0Deg,"KHOR FAKKAN, AE",2026-09-25 00:00:00,2026-09-26 05:31:16
2026-09-28 04:02:26,EVER LEARNED,235098885,9604108,2GNG3,Container,Moored,22-31.889N,120-19.110E,22.531483,120.3185,0.1kn,145.3Deg,143.0Deg,"SINGAPORE, SG",2026-10-03 00:30:00,2026-09-28 04:02:03
2026-09-28 04:02:34,HAIAN EAST,574005100,9363144,XVIV7,Container,Under way using engine,9-55.676N,108-44.062E,9.927933,108.734367,17.7kn,26.5Deg,27.0Deg,"HAIPHONG, VN",2026-09-30 02:00:00,2026-09-28 04:02:28
2026-09-28 04:02:41,ITAL USODIMARE,247009600,9196979,IBPO,Container,Under way using engine,21-59.851N,116-47.366E,21.997517,116.789433,13.6kn,26.0Deg,25.0Deg,"QINGDAO, CN",2026-10-01 06:00:00,2026-09-28 04:01:55
2026-09-28 06:02:00,WAN HAI 517,566942000,9457660,9V7583,Container,At anchor,22-34.010N,120-14.348E,22.566833,120.239133,0kn,147.7Deg,318.0Deg,"KAOHSIUNG, CN",2026-09-30 04:40:00,2026-09-28 05:59:52
2026-09-28 06:02:09,9400186,563123500,9400186,9V3760,Container,Under way using engine,1-47.187N,102-36.855E,1.78645,102.61425,13.0kn,289.0Deg,287.0Deg,"PORT KLANG, MY",2026-09-28 15:00:00,2026-09-28 06:01:56
2026-09-28 06:02:18,REN JIAN 19,414333000,9280809,BQOJ,Container,Under way using engine,2-42.965N,101-06.229E,2.716083,101.103817,13.0kn,118.5Deg,118.0Deg,"SINGAPORE, SG",2026-09-28 19:00:00,2026-09-28 06:02:03
2026-09-28 06:02:27,MSC DITTE,636017569,9754953,D5LP2,Container,Under way using engine,25-46.596N,4-30.914W,25.7766,-4.515233,0.4kn,312.5Deg,31.0Deg,"KHOR FAKKAN, AE",2026-09-25 00:00:00,2026-09-26 05:31:16
2026-09-28 06:02:36,EVER LEARNED,235098885,9604108,2GNG3,Container,Moored,22-31.890N,120-19.108E,22.5315,120.318467,0.1kn,130.7Deg,143.0Deg,"SINGAPORE, SG",2026-10-03 00:30:00,2026-09-28 06:02:03
2026-09-28 06:02:45,HAIAN EAST,574005100,9363144,XVIV7,Container,Under way using engine,10-25.830N,109-03.625E,10.4305,109.060417,17.2kn,28.4Deg,24.0Deg,"HAIPHONG, VN",2026-09-30 02:00:00,2026-09-28 06:02:33
2026-09-28 06:02:53,ITAL USODIMARE,247009600,9196979,IBPO,Container,Under way using engine,22-25.106N,117-01.455E,22.418433,117.02425,14.3kn,27.0Deg,25.0Deg,"QINGDAO, CN",2026-10-01 06:00:00,2026-09-28 06:02:32
2026-09-28 08:02:04,WAN HAI 517,566942000,9457660,9V7583,Container,At anchor,22-34.006N,120-14.342E,22.566767,120.239033,0kn,252.8Deg,322.0Deg,"KAOHSIUNG, CN",2026-09-30 04:40:00,2026-09-28 07:59:52
2026-09-28 08:02:13,9400186,563123500,9400186,9V3760,Container,Under way using engine,1-59.322N,102-13.970E,1.9887,102.232833,12.9kn,306.1Deg,306.0Deg,"PORT KLANG, MY",2026-09-28 15:00:00,2026-09-28 08:01:55
2026-09-28 08:02:22,REN JIAN 19,414333000,9280809,BQOJ,Container,Under way using engine,2-30.511N,101-28.930E,2.508517,101.482167,13.1kn,124.2Deg,123.0Deg,"SINGAPORE, SG",2026-09-28 19:00:00,2026-09-28 08:02:03
2026-09-28 08:02:31,MSC DITTE,636017569,9754953,D5LP2,Container,Under way using engine,25-46.596N,4-30.914W,25.7766,-4.515233,0.4kn,312.5Deg,31.0Deg,"KHOR FAKKAN, AE",2026-09-25 00:00:00,2026-09-26 05:31:16
2026-09-28 08:02:40,EVER LEARNED,235098885,9604108,2GNG3,Container,Moored,22-31.889N,120-19.112E,22.531483,120.318533,0.1kn,217.6Deg,143.0Deg,"SINGAPORE, SG",2026-10-03 00:30:00,2026-09-28 08:02:03
2026-09-28 08:02:49,HAIAN EAST,574005100,9363144,XVIV7,Container,Under way using engine,10-58.234N,109-12.255E,10.970567,109.20425,18.0kn,10.4Deg,9.0Deg,"HAIPHONG, VN",2026-09-30 02:00:00,2026-09-28 07:56:58
2026-09-28 08:02:58,ITAL USODIMARE,247009600,9196979,IBPO,Container,Under way using engine,22-49.680N,117-15.041E,22.828,117.250683,13.1kn,26.0Deg,26.0Deg,"QINGDAO, CN",2026-10-01 06:00:00,2026-09-28 08:02:49
2026-09-28 08:16:03,WAN HAI 517,566942000,9457660,9V7583,Container,At anchor,22-34.001N,120-14.338E,22.566683,120.238967,0.1kn,234.2Deg,321.0Deg,"KAOHSIUNG, CN",2026-09-30 04:40:00,2026-09-28 08:11:52
2026-09-28 08:16:11,9400186,563123500,9400186,9V3760,Container,Under way using engine,2-01.203N,102-11.646E,2.02005,102.1941,12.9kn,308.5Deg,308.0Deg,"PORT KLANG, MY",2026-09-28 15:00:00,2026-09-28 08:15:46
2026-09-28 08:16:19,REN JIAN 19,414333000,9280809,BQOJ,Container,Under way using engine,2-28.805N,101-31.423E,2.480083,101.523717,13.2kn,124.0Deg,123.0Deg,"SINGAPORE, SG",2026-09-28 19:00:00,2026-09-28 08:15:53
2026-09-28 08:16:28,MSC DITTE,636017569,9754953,D5LP2,Container,Under way using engine,25-46.596N,4-30.914W,25.7766,-4.515233,0.4kn,312.5Deg,31.0Deg,"KHOR FAKKAN, AE",2026-09-25 00:00:00,2026-09-26 05:31:16
2026-09-28 08:16:36,EVER LEARNED,235098885,9604108,2GNG3,Container,Moored,22-31.887N,120-19.113E,22.53145,120.31855,0kn,179.2Deg,143.0Deg,"SINGAPORE, SG",2026-10-03 00:30:00,2026-09-28 08:11:03
2026-09-28 08:16:44,HAIAN EAST,574005100,9363144,XVIV7,Container,Under way using engine,10-58.234N,109-12.255E,10.970567,109.20425,18.0kn,10.4Deg,9.0Deg,"HAIPHONG, VN",2026-09-30 02:00:00,2026-09-28 07:56:58
2026-09-28 08:16:52,ITAL USODIMARE,247009600,9196979,IBPO,Container,Under way using engine,22-51.785N,117-17.405E,22.863083,117.290083,13.2kn,47.0Deg,46.0Deg,"QINGDAO, CN",2026-10-01 06:00:00,2026-09-28 08:16:39
2026-09-28 10:02:00,WAN HAI 517,566942000,9457660,9V7583,Container,At anchor,22-33.992N,120-14.325E,22.566533,120.23875,0.1kn,79.2Deg,329.0Deg,"KAOHSIUNG, CN",2026-09-30 04:40:00,2026-09-28 09:56:52
2026-09-28 10:02:07,9400186,563123500,9400186,9V3760,Container,Under way using engine,2-15.474N,101-55.011E,2.2579,101.91685,11.8kn,309.4Deg,309.0Deg,"PORT KLANG, MY",2026-09-28 15:00:00,2026-09-28 10:01:45
2026-09-28 10:02:15,REN JIAN 19,414333000,9280809,BQOJ,Container,Under way using engine,2-13.326N,101-51.885E,2.2221,101.86475,14.6kn,131.4Deg,131.0Deg,"SINGAPORE, SG",2026-09-28 19:00:00,2026-09-28 10:02:01
2026-09-28 10:02:22,MSC DITTE,636017569,9754953,D5LP2,Container,Under way using engine,25-46.596N,4-30.914W,25.7766,-4.515233,0.4kn,312.5Deg,31.0Deg,"KHOR FAKKAN, AE",2026-09-25 00:00:00,2026-09-26 05:31:16
2026-09-28 10:02:30,EVER LEARNED,235098885,9604108,2GNG3,Container,Moored,22-31.892N,120-19.110E,22.531533,120.3185,0kn,257.9Deg,143.0Deg,"SINGAPORE, SG",2026-10-03 00:30:00,2026-09-28 09:59:04
2026-09-28 10:02:37,HAIAN EAST,574005100,9363144,XVIV7,Container,Under way using engine,11-33.885N,109-21.947E,11.56475,109.365783,17.6kn,2.9Deg,2.0Deg,"HAIPHONG, VN",2026-09-30 02:00:00,2026-09-28 10:00:05
2026-09-28 10:02:45,ITAL USODIMARE,247009600,9196979,IBPO,Container,Under way using engine,23-07.998N,117-34.841E,23.1333,117.580683,13.6kn,46.0Deg,48.0Deg,"QINGDAO, CN",2026-10-01 06:00:00,2026-09-28 10:01:51
2026-09-28 12:02:16,WAN HAI 517,566942000,9457660,9V7583,Container,At anchor,22-33.989N,120-14.317E,22.566483,120.238617,0.1kn,219.8Deg,330.0Deg,"KAOHSIUNG, CN",2026-09-30 04:40:00,2026-09-28 11:53:53
2026-09-28 12:02:26,9400186,563123500,9400186,9V3760,Container,Under way using engine,2-29.979N,101-35.610E,2.49965,101.5935,11.8kn,308.0Deg,308.0Deg,"PORT KLANG, MY",2026-09-28 15:00:00,2026-09-28 12:02:17
2026-09-28 12:02:36,REN JIAN 19,414333000,9280809,BQOJ,Container,Under way using engine,1-52.552N,102-15.107E,1.875867,102.251783,15.7kn,115.5Deg,114.0Deg,"SINGAPORE, SG",2026-09-28 19:00:00,2026-09-28 12:02:13
2026-09-28 12:02:45,MSC DITTE,636017569,9754953,D5LP2,Container,Under way using engine,25-46.596N,4-30.914W,25.7766,-4.515233,0.4kn,312.5Deg,31.0Deg,"KHOR FAKKAN, AE",2026-09-25 00:00:00,2026-09-26 05:31:16
2026-09-28 12:02:55,EVER LEARNED,235098885,9604108,2GNG3,Container,Under way using engine,22-31.856N,120-19.061E,22.530933,120.317683,0.8kn,218.3Deg,161.0Deg,"SINGAPORE, SG",2026-10-03 00:30:00,2026-09-28 12:02:43
2026-09-28 12:03:05,HAIAN EAST,574005100,9363144,XVIV7,Container,Under way using engine,11-40.746N,109-23.300E,11.6791,109.388333,17.7kn,13.9Deg,15.0Deg,"HAIPHONG, VN",2026-09-30 02:00:00,2026-09-28 10:23:40
2026-09-28 12:03:14,ITAL USODIMARE,247009600,9196979,IBPO,Container,Under way using engine,23-27.785N,117-58.099E,23.463083,117.968317,15.3kn,46.0Deg,50.0Deg,"QINGDAO, CN",2026-10-01 06:00:00,2026-09-28 12:02:53
2026-09-28 14:02:29,WAN HAI 517,566942000,9457660,9V7583,Container,At anchor,22-34.003N,120-14.333E,22.566717,120.238883,0.1kn,346.8Deg,324.0Deg,"KAOHSIUNG, CN",2026-09-30 04:40:00,2026-09-28 13:59:51
2026-09-28 14:02:40,9400186,563123500,9400186,9V3760,Container,Under way using engine,2-41.732N,101-17.963E,2.695533,101.299383,9.3kn,297.5Deg,296.0Deg,"PORT KLANG, MY",2026-09-28 15:30:00,2026-09-28 14:02:07
2026-09-28 14:02:49,REN JIAN 19,414333000,9280809,BQOJ,Container,Under way using engine,1-39.200N,102-44.139E,1.653333,102.73565,15.3kn,115.5Deg,115.0Deg,"SINGAPORE, SG",2026-09-28 19:00:00,2026-09-28 14:02:35
2026-09-28 14:02:59,MSC DITTE,636017569,9754953,D5LP2,Container,Under way using engine,25-46.596N,4-30.914W,25.7766,-4.515233,0.4kn,312.5Deg,31.0Deg,"KHOR FAKKAN, AE",2026-09-25 00:00:00,2026-09-26 05:31:16
2026-09-28 14:03:09,EVER LEARNED,235098885,9604108,2GNG3,Container,Under way using engine,22-21.207N,120-00.663E,22.35345,120.01105,13.6kn,214.3Deg,217.0Deg,"SINGAPORE, SG",2026-10-03 00:30:00,2026-09-28 14:02:48
2026-09-28 14:03:19,HAIAN EAST,574005100,9363144,XVIV7,Container,Under way using engine,12-42.201N,109-38.995E,12.70335,109.649917,16.2kn,1.4Deg,359.0Deg,"HAIPHONG, VN",2026-09-30 02:00:00,2026-09-28 14:03:10
2026-09-28 14:03:29,ITAL USODIMARE,247009600,9196979,IBPO,Container,Under way using engine,23-48.743N,118-21.972E,23.812383,118.3662,15.2kn,49.0Deg,51.0Deg,"QINGDAO, CN",2026-10-01 06:00:00,2026-09-28 14:03:19
2026-09-28 16:02:09,WAN HAI 517,566942000,9457660,9V7583,Container,At anchor,22-34.014N,120-14.164E,22.5669,120.236067,0.3kn,273.5Deg,33.0Deg,"KAOHSIUNG, CN",2026-09-30 04:40:00,2026-09-28 15:56:51
2026-09-28 16:02:19,9400186,563123500,9400186,9V3760,Container,Under way using engine,2-53.995N,101-15.998E,2.899917,101.266633,12.5kn,30.8Deg,33.0Deg,"PORT KLANG, MY",2026-09-28 15:30:00,2026-09-28 16:02:07
2026-09-28 16:02:29,REN JIAN 19,414333000,9280809,BQOJ,Container,Under way using engine,1-26.740N,103-06.515E,1.445667,103.108583,12.4kn,120.9Deg,119.0Deg,"SINGAPORE, SG",2026-09-28 20:00:00,2026-09-28 16:02:10
2026-09-28 16:02:39,MSC DITTE,636017569,9754953,D5LP2,Container,Under way using engine,25-46.596N,4-30.914W,25.7766,-4.515233,0.4kn,312.5Deg,31.0Deg,"KHOR FAKKAN, AE",2026-09-25 00:00:00,2026-09-26 05:31:16
2026-09-28 16:02:49,EVER LEARNED,235098885,9604108,2GNG3,Container,Under way using engine,21-58.122N,119-42.855E,21.9687,119.71425,15.1kn,214.9Deg,215.0Deg,"SINGAPORE, SG",2026-10-03 00:30:00,2026-09-28 16:02:07
2026-09-28 16:02:59,HAIAN EAST,574005100,9363144,XVIV7,Container,Under way using engine,13-14.956N,109-39.288E,13.249267,109.6548,16.6kn,357.2Deg,358.0Deg,"HAIPHONG, VN",2026-09-30 02:00:00,2026-09-28 16:02:51
2026-09-28 16:03:09,ITAL USODIMARE,247009600,9196979,IBPO,Container,Under way using engine,24-08.143N,118-45.729E,24.135717,118.76215,14.1kn,45.0Deg,47.0Deg,"QINGDAO, CN",2026-10-01 06:00:00,2026-09-28 16:02:56
2026-09-28 16:47:51,WAN HAI 517,566942000,9457660,9V7583,Container,At anchor,22-34.078N,120-14.131E,22.567967,120.235517,0kn,325.2Deg,75.0Deg,"KAOHSIUNG, CN",2026-09-30 04:40:00,2026-09-28 16:44:51
2026-09-28 16:47:59,9400186,563123500,9400186,9V3760,Container,Under way using engine,3-00.644N,101-20.975E,3.010733,101.349583,6.5kn,22.8Deg,20.0Deg,"PORT KLANG, MY",2026-09-28 15:30:00,2026-09-28 16:47:47
2026-09-28 16:48:08,REN JIAN 19,414333000,9280809,BQOJ,Container,Under way using engine,1-20.876N,103-13.865E,1.347933,103.231083,12.2kn,130.3Deg,128.0Deg,"SINGAPORE, SG",2026-09-28 20:00:00,2026-09-28 16:47:52
2026-09-28 16:48:17,MSC DITTE,636017569,9754953,D5LP2,Container,Under way using engine,25-46.596N,4-30.914W,25.7766,-4.515233,0.4kn,312.5Deg,31.0Deg,"KHOR FAKKAN, AE",2026-09-25 00:00:00,2026-09-26 05:31:16
2026-09-28 16:48:25,EVER LEARNED,235098885,9604108,2GNG3,Container,Under way using engine,21-53.254N,119-39.234E,21.887567,119.6539,15.5kn,214.0Deg,215.0Deg,"SINGAPORE, SG",2026-10-03 00:30:00,2026-09-28 16:25:20
2026-09-28 16:48:33,HAIAN EAST,574005100,9363144,XVIV7,Container,Under way using engine,13-27.791N,109-39.141E,13.463183,109.65235,16.9kn,359.7Deg,0.0Deg,"HAIPHONG, VN",2026-09-30 02:00:00,2026-09-28 16:48:23
2026-09-28 16:48:41,ITAL USODIMARE,247009600,9196979,IBPO,Container,Under way using engine,24-16.045N,118-53.342E,24.267417,118.889033,13.3kn,47.0Deg,53.0Deg,"QINGDAO, CN",2026-10-01 06:00:00,2026-09-28 16:48:35
2026-09-28 18:02:22,WAN HAI 517,566942000,9457660,9V7583,Container,At anchor,22-34.043N,120-14.155E,22.567383,120.235917,0.2kn,167.6Deg,70.0Deg,"KAOHSIUNG, CN",2026-09-30 04:40:00,2026-09-28 17:56:52
2026-09-28 18:02:30,9400186,563123500,9400186,9V3760,Container,Moored,3-01.628N,101-21.415E,3.027133,101.356917,0kn,352.9Deg,181.0Deg,"PORT KLANG, MY",2026-09-28 15:30:00,2026-09-28 17:58:57
2026-09-28 18:02:38,REN JIAN 19,414333000,9280809,BQOJ,Container,Under way using engine,1-12.696N,103-23.646E,1.2116,103.3941,9.6kn,132.6Deg,131.0Deg,SGSIN!A\H\FBBBBBBBB,2026-09-28 20:00:00,2026-09-28 18:02:21
2026-09-28 18:02:46,MSC DITTE,636017569,9754953,D5LP2,Container,Under way using engine,25-46.596N,4-30.914W,25.7766,-4.515233,0.4kn,312.5Deg,31.0Deg,"KHOR FAKKAN, AE",2026-09-25 00:00:00,2026-09-26 05:31:16
2026-09-28 18:02:54,EVER LEARNED,235098885,9604108,2GNG3,Container,Under way using engine,21-46.838N,119-34.488E,21.780633,119.5748,15.6kn,214.3Deg,216.0Deg,"SINGAPORE, SG",2026-10-03 00:30:00,2026-09-28 16:55:25
2026-09-28 18:03:02,HAIAN EAST,574005100,9363144,XVIV7,Container,Under way using engine,13-49.337N,109-39.367E,13.822283,109.656117,17.0kn,358.5Deg,357.0Deg,"HAIPHONG, VN",2026-09-30 02:00:00,2026-09-28 18:02:52
2026-09-28 18:03:10,ITAL USODIMARE,247009600,9196979,IBPO,Container,Under way using engine,24-26.471N,119-07.591E,24.441183,119.126517,13.7kn,46.0Deg,45.0Deg,"QINGDAO, CN",2026-10-01 06:00:00,2026-09-28 18:02:55
2026-09-28 20:02:15,WAN HAI 517,566942000,9457660,9V7583,Container,At anchor,22-33.980N,120-14.293E,22.566333,120.238217,0.1kn,30.2Deg,340.0Deg,"KAOHSIUNG, CN",2026-09-30 04:40:00,2026-09-28 19:59:51
2026-09-28 20:02:23,9400186,563123500,9400186,9V3760,Container,Moored,3-01.628N,101-21.415E,3.027133,101.356917,0kn,352.9Deg,181.0Deg,"PORT KLANG, MY",2026-09-28 15:30:00,2026-09-28 19:58:57
2026-09-28 20:02:30,REN JIAN 19,414333000,9280809,BQOJ,Container,Under way using engine,1-12.672N,103-34.883E,1.2112,103.581383,4.6kn,67.4Deg,79.0Deg,"SINGAPORE, SG",2026-09-28 20:00:00,2026-09-28 20:02:22
2026-09-28 20:02:38,MSC DITTE,636017569,9754953,D5LP2,Container,Under way using engine,25-46.596N,4-30.914W,25.7766,-4.515233,0.4kn,312.5Deg,31.0Deg,"KHOR FAKKAN, AE",2026-09-25 00:00:00,2026-09-26 05:31:16
2026-09-28 20:02:46,EVER LEARNED,235098885,9604108,2GNG3,Container,Under way using engine,21-46.838N,119-34.488E,21.780633,119.5748,15.6kn,214.3Deg,216.0Deg,"SINGAPORE, SG",2026-10-03 00:30:00,2026-09-28 16:55:25
2026-09-28 20:02:54,HAIAN EAST,574005100,9363144,XVIV7,Container,Under way using engine,14-21.148N,109-33.371E,14.352467,109.556183,15.9kn,332.2Deg,332.0Deg,"HAIPHONG, VN",2026-09-30 02:00:00,2026-09-28 20:00:51
2026-09-28 20:03:01,ITAL USODIMARE,247009600,9196979,IBPO,Container,Under way using engine,24-44.994N,119-31.062E,24.7499,119.5177,14.9kn,45.0Deg,43.0Deg,"QINGDAO, CN",2026-10-01 06:00:00,2026-09-28 20:02:39
2026-09-28 22:02:05,WAN HAI 517,566942000,9457660,9V7583,Container,At anchor,22-33.977N,120-14.289E,22.566283,120.23815,0.1kn,19.9Deg,347.0Deg,"KAOHSIUNG, CN",2026-09-30 04:40:00,2026-09-28 21:59:52
2026-09-28 22:02:13,9400186,563123500,9400186,9V3760,Container,Moored,3-01.628N,101-21.414E,3.027133,101.3569,0kn,352.9Deg,181.0Deg,"PORT KLANG, MY",2026-09-28 15:30:00,2026-09-28 22:01:57
2026-09-28 22:02:21,REN JIAN 19,414333000,9280809,BQOJ,Container,Under way using engine,1-15.859N,103-47.520E,1.264317,103.792,0.3kn,333.0Deg,30.0Deg,"SINGAPORE, SG",2026-09-28 20:00:00,2026-09-28 22:02:01
2026-09-28 22:02:30,MSC DITTE,636017569,9754953,D5LP2,Container,Under way using engine,25-46.596N,4-30.914W,25.7766,-4.515233,0.4kn,312.5Deg,31.0Deg,"KHOR FAKKAN, AE",2026-09-25 00:00:00,2026-09-26 05:31:16
2026-09-28 22:02:39,EVER LEARNED,235098885,9604108,2GNG3,Container,Under way using engine,20-52.851N,118-53.192E,20.88085,118.886533,15.4kn,216.5Deg,222.0Deg,"SINGAPORE, SG",2026-10-03 00:30:00,2026-09-28 21:14:07
2026-09-28 22:02:47,HAIAN EAST,574005100,9363144,XVIV7,Container,Under way using engine,14-50.420N,109-17.415E,14.840333,109.29025,16.1kn,339.0Deg,339.0Deg,"HAIPHONG, VN",2026-09-30 02:00:00,2026-09-28 22:02:34
2026-09-28 22:02:56,ITAL USODIMARE,247009600,9196979,IBPO,Container,Under way using engine,25-04.890N,119-57.031E,25.0815,119.950517,15.5kn,43.0Deg,44.0Deg,"QINGDAO, CN",2026-10-01 06:00:00,2026-09-28 22:02:47
2026-09-28 22:23:00,WAN HAI 517,566942000,9457660,9V7583,Container,At anchor,22-33.979N,120-14.293E,22.566317,120.238217,0.1kn,280.2Deg,341.0Deg,"KAOHSIUNG, CN",2026-09-30 04:40:00,2026-09-28 22:17:51
2026-09-28 22:23:08,9400186,563123500,9400186,9V3760,Container,Moored,3-01.630N,101-21.416E,3.027167,101.356933,0kn,352.9Deg,181.0Deg,"PORT KLANG, MY",2026-09-28 15:30:00,2026-09-28 22:19:57
2026-09-28 22:23:16,REN JIAN 19,414333000,9280809,BQOJ,Container,Moored,1-15.886N,103-47.484E,1.264767,103.7914,0.1kn,62.3Deg,Unknown,"SINGAPORE, SG",2026-09-28 20:00:00,2026-09-28 22:16:22
2026-09-28 22:23:24,MSC DITTE,636017569,9754953,D5LP2,Container,Under way using engine,25-46.596N,4-30.914W,25.7766,-4.515233,0.4kn,312.5Deg,31.0Deg,"KHOR FAKKAN, AE",2026-09-25 00:00:00,2026-09-26 05:31:16
2026-09-28 22:23:31,EVER LEARNED,235098885,9604108,2GNG3,Container,Under way using engine,20-52.851N,118-53.192E,20.88085,118.886533,15.4kn,216.5Deg,222.0Deg,"SINGAPORE, SG",2026-10-03 00:30:00,2026-09-28 21:14:07
2026-09-28 22:23:39,HAIAN EAST,574005100,9363144,XVIV7,Container,Under way using engine,14-55.547N,109-14.811E,14.925783,109.24685,16.3kn,338.1Deg,338.0Deg,"HAIPHONG, VN",2026-09-30 02:00:00,2026-09-28 22:23:34
2026-09-28 22:23:47,ITAL USODIMARE,247009600,9196979,IBPO,Container,Under way using engine,25-08.850N,120-01.146E,25.1475,120.0191,15.6kn,43.0Deg,44.0Deg,"QINGDAO, CN",2026-10-01 06:00:00,2026-09-28 22:23:35
2026-09-29 00:02:05,WAN HAI 517,566942000,9457660,9V7583,Container,At anchor,22-34.002N,120-14.309E,22.5667,120.238483,0kn,253.0Deg,338.0Deg,"KAOHSIUNG, CN",2026-09-30 04:40:00,2026-09-28 23:56:52
2026-09-29 00:02:14,9400186,563123500,9400186,9V3760,Container,Moored,3-01.630N,101-21.414E,3.027167,101.3569,0kn,352.9Deg,181.0Deg,"PORT KLANG, MY",2026-09-28 15:30:00,2026-09-28 23:58:57
2026-09-29 00:02:22,REN JIAN 19,414333000,9280809,BQOJ,Container,Moored,1-15.899N,103-47.484E,1.264983,103.7914,0kn,155.3Deg,31.0Deg,"SINGAPORE, SG",2026-09-28 20:00:00,2026-09-28 23:56:51
2026-09-29 00:02:30,MSC DITTE,636017569,9754953,D5LP2,Container,Under way using engine,25-46.596N,4-30.914W,25.7766,-4.515233,0.4kn,312.5Deg,31.0Deg,"KHOR FAKKAN, AE",2026-09-25 00:00:00,2026-09-26 05:31:16
2026-09-29 00:02:38,EVER LEARNED,235098885,9604108,2GNG3,Container,Under way using engine,20-52.851N,118-53.192E,20.88085,118.886533,15.4kn,216.5Deg,222.0Deg,"SINGAPORE, SG",2026-10-03 00:30:00,2026-09-28 21:14:07
2026-09-29 00:02:46,HAIAN EAST,574005100,9363144,XVIV7,Container,Under way using engine,15-19.347N,109-00.696E,15.32245,109.0116,16.5kn,330.5Deg,330.0Deg,"HAIPHONG, VN",2026-09-30 02:00:00,2026-09-29 00:02:40
2026-09-29 00:02:54,ITAL USODIMARE,247009600,9196979,IBPO,Container,Under way using engine,25-28.837N,120-16.030E,25.480617,120.267167,14.3kn,34.0Deg,37.0Deg,"QINGDAO, CN",2026-10-01 06:00:00,2026-09-28 23:58:40
2026-09-29 02:02:01,WAN HAI 517,566942000,9457660,9V7583,Container,At anchor,22-34.053N,120-14.364E,22.56755,120.2394,0.1kn,22.5Deg,297.0Deg,"KAOHSIUNG, CN",2026-09-30 04:40:00,2026-09-29 01:56:51
2026-09-29 02:02:10,9400186,563123500,9400186,9V3760,Container,Moored,3-01.629N,101-21.415E,3.02715,101.356917,0kn,279.1Deg,181.0Deg,"PORT KLANG, MY",2026-09-28 15:30:00,2026-09-29 01:58:57
2026-09-29 02:02:18,REN JIAN 19,414333000,9280809,BQOJ,Container,Moored,1-15.886N,103-47.492E,1.264767,103.791533,0kn,159.5Deg,30.0Deg,"SINGAPORE, SG",2026-09-28 20:00:00,2026-09-29 01:59:53
2026-09-29 02:02:27,MSC DITTE,636017569,9754953,D5LP2,Container,Under way using engine,25-46.596N,4-30.914W,25.7766,-4.515233,0.4kn,312.5Deg,31.0Deg,"KHOR FAKKAN, AE",2026-09-25 00:00:00,2026-09-26 05:31:16
2026-09-29 02:02:35,EVER LEARNED,235098885,9604108,2GNG3,Container,Under way using engine,20-52.851N,118-53.192E,20.88085,118.886533,15.4kn,216.5Deg,222.0Deg,"SINGAPORE, SG",2026-10-03 00:30:00,2026-09-28 21:14:07
2026-09-29 02:02:44,HAIAN EAST,574005100,9363144,XVIV7,Container,Under way using engine,15-46.843N,108-45.684E,15.780717,108.7614,16.3kn,325.9Deg,Unknown,"HAIPHONG, VN",2026-09-30 02:00:00,2026-09-29 01:56:30
2026-09-29 02:02:54,ITAL USODIMARE,247009600,9196979,IBPO,Container,Under way using engine,25-52.296N,120-33.945E,25.8716,120.56575,13.9kn,31.0Deg,35.0Deg,"QINGDAO, CN",2026-10-01 06:00:00,2026-09-29 02:02:40
2026-09-29 02:16:38,WAN HAI 517,566942000,9457660,9V7583,Container,At anchor,22-34.057N,120-14.364E,22.567617,120.2394,0kn,268.5Deg,292.0Deg,"KAOHSIUNG, CN",2026-09-30 04:40:00,2026-09-29 02:08:51
2026-09-29 02:16:46,9400186,563123500,9400186,9V3760,Container,Moored,3-01.630N,101-21.416E,3.027167,101.356933,0kn,279.1Deg,181.0Deg,"PORT KLANG, MY",2026-09-28 15:30:00,2026-09-29 02:10:57
2026-09-29 02:16:53,REN JIAN 19,414333000,9280809,BQOJ,Container,Moored,1-15.893N,103-47.495E,1.264883,103.791583,0kn,162.5Deg,30.0Deg,"SINGAPORE, SG",2026-09-28 20:00:00,2026-09-29 02:14:50
2026-09-29 02:17:01,MSC DITTE,636017569,9754953,D5LP2,Container,Under way using engine,25-46.596N,4-30.914W,25.7766,-4.515233,0.4kn,312.5Deg,31.0Deg,"KHOR FAKKAN, AE",2026-09-25 00:00:00,2026-09-26 05:31:16
2026-09-29 02:17:11,EVER LEARNED,235098885,9604108,2GNG3,Container,Under way using engine,20-52.851N,118-53.192E,20.88085,118.886533,15.4kn,216.5Deg,222.0Deg,"SINGAPORE, SG",2026-10-03 00:30:00,2026-09-28 21:14:07
2026-09-29 02:17:19,HAIAN EAST,574005100,9363144,XVIV7,Container,Under way using engine,15-50.326N,108-43.325E,15.838767,108.722083,16.1kn,331.4Deg,330.0Deg,"HAIPHONG, VN",2026-09-30 02:00:00,2026-09-29 02:11:52
2026-09-29 02:17:26,ITAL USODIMARE,247009600,9196979,IBPO,Container,Under way using engine,25-55.005N,120-35.851E,25.91675,120.597517,13.5kn,33.0Deg,37.0Deg,"QINGDAO, CN",2026-10-01 06:00:00,2026-09-29 02:16:41
2026-09-29 04:02:05,WAN HAI 517,566942000,9457660,9V7583,Container,At anchor,22-34.095N,120-14.377E,22.56825,120.239617,0.1kn,187.1Deg,270.0Deg,"KAOHSIUNG, CN",2026-09-30 04:40:00,2026-09-29 03:59:51
2026-09-29 04:02:15,9400186,563123500,9400186,9V3760,Container,Moored,3-01.630N,101-21.415E,3.027167,101.356917,0kn,273.5Deg,181.0Deg,"PORT KLANG, MY",2026-09-28 15:30:00,2026-09-29 04:01:57
2026-09-29 04:02:25,REN JIAN 19,414333000,9280809,BQOJ,Container,Moored,1-15.887N,103-47.489E,1.264783,103.791483,0kn,356.0Deg,Unknown,"SINGAPORE, SG",2026-09-28 20:00:00,2026-09-29 04:00:23
2026-09-29 04:02:36,MSC DITTE,636017569,9754953,D5LP2,Container,Under way using engine,25-46.596N,4-30.914W,25.7766,-4.515233,0.4kn,312.5Deg,31.0Deg,"KHOR FAKKAN, AE",2026-09-25 00:00:00,2026-09-26 05:31:16
2026-09-29 04:02:46,EVER LEARNED,235098885,9604108,2GNG3,Container,Under way using engine,20-52.851N,118-53.192E,20.88085,118.886533,15.4kn,216.5Deg,222.0Deg,"SINGAPORE, SG",2026-10-03 00:30:00,2026-09-28 21:14:07
2026-09-29 04:02:56,HAIAN EAST,574005100,9363144,XVIV7,Container,Under way using engine,16-15.891N,108-30.771E,16.26485,108.51285,16.5kn,316.4Deg,316.0Deg,"HAIPHONG, VN",2026-09-30 02:00:00,2026-09-29 03:56:23
2026-09-29 04:03:07,ITAL USODIMARE,247009600,9196979,IBPO,Container,Under way using engine,26-14.131N,120-50.095E,26.235517,120.834917,14.2kn,34.0Deg,33.0Deg,"QINGDAO, CN",2026-10-01 06:00:00,2026-09-29 03:57:17
2026-09-29 06:02:07,WAN HAI 517,566942000,9457660,9V7583,Container,At anchor,22-34.027N,120-14.357E,22.567117,120.239283,0.1kn,199.6Deg,303.0Deg,"KAOHSIUNG, CN",2026-09-30 04:40:00,2026-09-29 05:56:52
2026-09-29 06:02:16,9400186,563123500,9400186,9V3760,Container,Moored,3-01.630N,101-21.414E,3.027167,101.3569,0kn,278.2Deg,Unknown,"PORT KLANG, MY",2026-09-28 15:30:00,2026-09-29 05:56:06
2026-09-29 06:02:25,REN JIAN 19,414333000,9280809,BQOJ,Container,Moored,1-15.881N,103-47.491E,1.264683,103.791517,0kn,141.0Deg,30.0Deg,"SINGAPORE, SG",2026-09-28 20:00:00,2026-09-29 05:59:50
2026-09-29 06:02:33,MSC DITTE,636017569,9754953,D5LP2,Container,Under way using engine,25-46.596N,4-30.914W,25.7766,-4.515233,0.4kn,312.5Deg,31.0Deg,"KHOR FAKKAN, AE",2026-09-25 00:00:00,2026-09-26 05:31:16
2026-09-29 06:02:42,EVER LEARNED,235098885,9604108,2GNG3,Container,Under way using engine,19-12.522N,117-37.692E,19.2087,117.6282,15.4kn,215.9Deg,217.0Deg,"SINGAPORE, SG",2026-10-03 00:30:00,2026-09-29 05:23:50
2026-09-29 06:02:52,HAIAN EAST,574005100,9363144,XVIV7,Container,Under way using engine,16-37.232N,108-07.995E,16.620533,108.13325,15.2kn,321.2Deg,Unknown,"HAIPHONG, VN",2026-09-30 02:00:00,2026-09-29 05:52:07
2026-09-29 06:03:00,ITAL USODIMARE,247009600,9196979,IBPO,Container,Under way using engine,26-39.442N,121-07.533E,26.657367,121.12555,14.6kn,26.0Deg,23.0Deg,"QINGDAO, CN",2026-10-01 06:00:00,2026-09-29 06:02:48
2026-09-29 08:02:22,WAN HAI 517,566942000,9457660,9V7583,Container,At anchor,22-34.008N,120-14.344E,22.5668,120.239067,0kn,20.2Deg,320.0Deg,"KAOHSIUNG, CN",2026-09-30 04:40:00,2026-09-29 07:59:51
2026-09-29 08:02:32,9400186,563123500,9400186,9V3760,Container,Moored,3-01.628N,101-21.414E,3.027133,101.3569,0kn,278.3Deg,181.0Deg,"PORT KLANG, MY",2026-09-28 15:30:00,2026-09-29 07:58:57
2026-09-29 08:02:42,REN JIAN 19,414333000,9280809,BQOJ,Container,Moored,1-15.890N,103-47.519E,1.264833,103.791983,0kn,107.7Deg,31.0Deg,"SINGAPORE, SG",2026-09-28 20:00:00,2026-09-29 07:59:51
2026-09-29 08:02:52,MSC DITTE,636017569,9754953,D5LP2,Container,Under way using engine,25-46.596N,4-30.914W,25.7766,-4.515233,0.4kn,312.5Deg,31.0Deg,"KHOR FAKKAN, AE",2026-09-25 00:00:00,2026-09-26 05:31:16
2026-09-29 08:03:02,EVER LEARNED,235098885,9604108,2GNG3,Container,Under way using engine,18-40.105N,117-14.479E,18.668417,117.241317,15.3kn,217.4Deg,220.0Deg,"SINGAPORE, SG",2026-10-03 00:30:00,2026-09-29 07:55:25
2026-09-29 08:03:11,HAIAN EAST,574005100,9363144,XVIV7,Container,Under way using engine,16-59.076N,107-47.250E,16.9846,107.7875,14.5kn,315.7Deg,Unknown,"HAIPHONG, VN",2026-09-30 02:00:00,2026-09-29 07:52:32
2026-09-29 08:03:21,ITAL USODIMARE,247009600,9196979,IBPO,Container,Under way using engine,27-06.116N,121-21.962E,27.101933,121.366033,14.7kn,32.0Deg,32.0Deg,"QINGDAO, CN",2026-10-01 06:00:00,2026-09-29 08:03:13
2026-09-29 08:38:22,WAN HAI 517,566942000,9457660,9V7583,Container,At anchor,22-33.999N,120-14.331E,22.56665,120.23885,0.1kn,231.3Deg,324.0Deg,"KAOHSIUNG, CN",2026-09-30 04:40:00,2026-09-29 08:35:51
2026-09-29 08:38:32,9400186,563123500,9400186,9V3760,Container,Moored,3-01.629N,101-21.414E,3.02715,101.3569,0kn,278.3Deg,181.0Deg,"PORT KLANG, MY",2026-09-28 15:30:00,2026-09-29 08:37:57
2026-09-29 08:38:43,REN JIAN 19,414333000,9280809,BQOJ,Container,Moored,1-15.903N,103-47.495E,1.26505,103.791583,0kn,294.7Deg,30.0Deg,SGSIN PWBF ANCHORAGE,2026-09-28 20:00:00,2026-09-29 08:35:51
2026-09-29 08:38:52,MSC DITTE,636017569,9754953,D5LP2,Container,Under way using engine,25-46.596N,4-30.914W,25.7766,-4.515233,0.4kn,312.5Deg,31.0Deg,"KHOR FAKKAN, AE",2026-09-25 00:00:00,2026-09-26 05:31:16
2026-09-29 08:39:02,EVER LEARNED,235098885,9604108,2GNG3,Container,Under way using engine,18-37.519N,117-12.406E,18.625317,117.206767,15.2kn,217.7Deg,220.0Deg,"SINGAPORE, SG",2026-10-03 00:30:00,2026-09-29 08:08:08
2026-09-29 08:39:13,HAIAN EAST,574005100,9363144,XVIV7,Container,Under way using engine,16-59.076N,107-47.250E,16.9846,107.7875,14.5kn,315.7Deg,Unknown,"HAIPHONG, VN",2026-09-30 02:00:00,2026-09-29 07:52:32
2026-09-29 08:39:23,ITAL USODIMARE,247009600,9196979,IBPO,Container,Under way using engine,27-13.305N,121-27.564E,27.22175,121.4594,14.7kn,37.0Deg,37.0Deg,"QINGDAO, CN",2026-10-01 06:00:00,2026-09-29 08:39:12
2026-09-29 10:02:05,WAN HAI 517,566942000,9457660,9V7583,Container,At anchor,22-33.990N,120-14.316E,22.5665,120.2386,0kn,68.9Deg,331.0Deg,"KAOHSIUNG, CN",2026-09-30 08:40:00,2026-09-29 09:53:52
2026-09-29 10:02:15,9400186,563123500,9400186,9V3760,Container,Moored,3-01.629N,101-21.416E,3.02715,101.356933,0kn,274.3Deg,181.0Deg,"CHENNAI, IN",2026-10-03 15:00:00,2026-09-29 10:01:56
2026-09-29 10:02:26,REN JIAN 19,414333000,9280809,BQOJ,Container,Moored,1-15.888N,103-47.494E,1.2648,103.791567,0kn,54.3Deg,30.0Deg,"SINGAPORE, SG",2026-09-28 20:00:00,2026-09-29 09:59:50
2026-09-29 10:02:37,MSC DITTE,636017569,9754953,D5LP2,Container,Under way using engine,25-46.596N,4-30.914W,25.7766,-4.515233,0.4kn,312.5Deg,31.0Deg,"KHOR FAKKAN, AE",2026-09-25 00:00:00,2026-09-26 05:31:16
2026-09-29 10:02:47,EVER LEARNED,235098885,9604108,2GNG3,Container,Under way using engine,18-31.605N,117-07.623E,18.52675,117.12705,15.2kn,217.3Deg,220.0Deg,"SINGAPORE, SG",2026-10-03 00:30:00,2026-09-29 08:37:20
2026-09-29 10:02:58,HAIAN EAST,574005100,9363144,XVIV7,Container,Under way using engine,17-19.858N,107-28.875E,17.330967,107.48125,15.0kn,331.9Deg,Unknown,"HAIPHONG, VN",2026-09-30 02:00:00,2026-09-29 09:42:49
2026-09-29 10:03:08,ITAL USODIMARE,247009600,9196979,IBPO,Container,Under way using engine,27-30.716N,121-39.277E,27.511933,121.654617,14.0kn,25.0Deg,30.0Deg,"QINGDAO, CN",2026-10-01 06:00:00,2026-09-29 10:03:00
2026-09-29 12:02:10,WAN HAI 517,566942000,9457660,9V7583,Container,At anchor,22-33.999N,120-14.331E,22.56665,120.23885,0kn,240.1Deg,324.0Deg,"KAOHSIUNG, CN",2026-09-30 08:40:00,2026-09-29 11:59:51
2026-09-29 12:02:17,9400186,563123500,9400186,9V3760,Container,Under way using engine,2-47.432N,101-13.247E,2.790533,101.220783,13.7kn,211.2Deg,215.0Deg,"CHENNAI, IN",2026-10-03 15:00:00,2026-09-29 12:01:59
2026-09-29 12:02:25,REN JIAN 19,414333000,9280809,BQOJ,Container,Moored,1-15.885N,103-47.488E,1.26475,103.791467,0kn,257.3Deg,31.0Deg,"SINGAPORE, SG",2026-09-28 20:00:00,2026-09-29 11:59:57
2026-09-29 12:02:33,MSC DITTE,636017569,9754953,D5LP2,Container,Under way using engine,25-46.596N,4-30.914W,25.7766,-4.515233,0.4kn,312.5Deg,31.0Deg,"KHOR FAKKAN, AE",2026-09-25 00:00:00,2026-09-26 05:31:16
2026-09-29 12:02:40,EVER LEARNED,235098885,9604108,2GNG3,Container,Under way using engine,17-59.089N,116-40.877E,17.984817,116.681283,15.6kn,215.0Deg,214.0Deg,"SINGAPORE, SG",2026-10-03 00:30:00,2026-09-29 11:18:26
2026-09-29 12:02:48,HAIAN EAST,574005100,9363144,XVIV7,Container,Under way using engine,17-52.109N,107-12.790E,17.868483,107.213167,15.3kn,333.0Deg,332.0Deg,"HAIPHONG, VN",2026-09-30 02:00:00,2026-09-29 12:02:13
2026-09-29 12:02:55,ITAL USODIMARE,247009600,9196979,IBPO,Container,Under way using engine,27-54.054N,121-55.521E,27.9009,121.92535,13.7kn,28.0Deg,32.0Deg,"QINGDAO, CN",2026-10-01 06:00:00,2026-09-29 12:01:31
2026-09-29 14:02:06,WAN HAI 517,566942000,9457660,9V7583,Container,At anchor,22-33.977N,120-14.271E,22.566283,120.23785,0.1kn,320.8Deg,350.0Deg,"KAOHSIUNG, CN",2026-09-30 08:40:00,2026-09-29 13:56:51
2026-09-29 14:02:16,9400186,563123500,9400186,9V3760,Container,Under way using engine,2-57.293N,100-52.985E,2.954883,100.883083,14.8kn,308.4Deg,307.0Deg,"CHENNAI, IN",2026-10-03 15:00:00,2026-09-29 14:02:08
2026-09-29 14:02:25,REN JIAN 19,414333000,9280809,BQOJ,Container,Moored,1-15.883N,103-47.486E,1.264717,103.791433,0kn,324.8Deg,31.0Deg,"SINGAPORE, SG",2026-09-28 20:00:00,2026-09-29 13:59:56
2026-09-29 14:02:35,MSC DITTE,636017569,9754953,D5LP2,Container,Under way using engine,25-46.596N,4-30.914W,25.7766,-4.515233,0.4kn,312.5Deg,31.0Deg,"KHOR FAKKAN, AE",2026-09-25 00:00:00,2026-09-26 05:31:16
2026-09-29 14:02:45,EVER LEARNED,235098885,9604108,2GNG3,Container,Under way using engine,17-40.682N,116-28.057E,17.678033,116.467617,15.1kn,212.7Deg,211.0Deg,"SINGAPORE, SG",2026-10-03 00:30:00,2026-09-29 12:46:01
2026-09-29 14:02:56,HAIAN EAST,574005100,9363144,XVIV7,Container,Under way using engine,18-21.339N,107-01.352E,18.35565,107.022533,15.4kn,340.9Deg,340.0Deg,"HAIPHONG, VN",2026-09-30 02:00:00,2026-09-29 14:02:46
2026-09-29 14:03:06,ITAL USODIMARE,247009600,9196979,IBPO,Container,Under way using engine,28-16.544N,122-11.911E,28.275733,122.198517,13.7kn,27.0Deg,27.0Deg,"QINGDAO, CN",2026-10-01 06:00:00,2026-09-29 14:01:32
2026-09-29 15:04:50,WAN HAI 517,566942000,9457660,9V7583,Container,At anchor,22-33.977N,120-14.248E,22.566283,120.237467,0kn,283.4Deg,2.0Deg,"KAOHSIUNG, CN",2026-09-30 08:40:00,2026-09-29 15:02:51
2026-09-29 15:05:00,9400186,563123500,9400186,9V3760,Container,Under way using engine,3-06.306N,100-41.145E,3.1051,100.68575,14.2kn,312.8Deg,309.0Deg,"CHENNAI, IN",2026-10-03 15:00:00,2026-09-29 15:04:37
2026-09-29 15:05:10,REN JIAN 19,414333000,9280809,BQOJ,Container,Moored,1-15.893N,103-47.483E,1.264883,103.791383,0kn,299.0Deg,30.0Deg,"SINGAPORE, SG",2026-09-28 20:00:00,2026-09-29 15:02:56
2026-09-29 15:05:20,MSC DITTE,636017569,9754953,D5LP2,Container,Under way using engine,25-46.596N,4-30.914W,25.7766,-4.515233,0.4kn,312.5Deg,31.0Deg,"KHOR FAKKAN, AE",2026-09-25 00:00:00,2026-09-26 05:31:16
2026-09-29 15:05:30,EVER LEARNED,235098885,9604108,2GNG3,Container,Under way using engine,17-12.593N,116-08.267E,17.209883,116.137783,15.1kn,215.1Deg,Unknown,"SINGAPORE, SG",2026-10-03 00:30:00,2026-09-29 14:58:52
2026-09-29 15:05:40,HAIAN EAST,574005100,9363144,XVIV7,Container,Under way using engine,18-37.231N,106-57.934E,18.620517,106.965567,15.8kn,0.4Deg,1.0Deg,"HAIPHONG, VN",2026-09-30 02:00:00,2026-09-29 15:05:17
2026-09-29 15:05:53,ITAL USODIMARE,247009600,9196979,IBPO,Container,Under way using engine,28-28.936N,122-19.550E,28.482267,122.325833,13.4kn,32.0Deg,35.0Deg,"QINGDAO, CN",2026-10-01 06:00:00,2026-09-29 15:04:30
2026-09-29 16:01:59,WAN HAI 517,566942000,9457660,9V7583,Container,At anchor,22-33.983N,120-14.206E,22.566383,120.236767,0.1kn,282.0Deg,22.0Deg,"KAOHSIUNG, CN",2026-09-30 08:40:00,2026-09-29 15:56:51
2026-09-29 16:02:06,9400186,563123500,9400186,9V3760,Container,Under way using engine,3-15.032N,100-30.854E,3.250533,100.514233,13.9kn,308.3Deg,305.0Deg,"CHENNAI, IN",2026-10-03 15:00:00,2026-09-29 16:01:58
2026-09-29 16:02:13,REN JIAN 19,414333000,9280809,BQOJ,Container,Moored,1-15.884N,103-47.491E,1.264733,103.791517,0.1kn,103.4Deg,30.0Deg,"SINGAPORE, SG",2026-09-28 20:00:00,2026-09-29 15:57:00
2026-09-29 16:02:21,MSC DITTE,636017569,9754953,D5LP2,Container,Under way using engine,25-46.596N,4-30.914W,25.7766,-4.515233,0.4kn,312.5Deg,31.0Deg,"KHOR FAKKAN, AE",2026-09-25 00:00:00,2026-09-26 05:31:16
2026-09-29 16:02:27,EVER LEARNED,235098885,9604108,2GNG3,Container,Under way using engine,16-59.848N,115-58.952E,16.997467,115.982533,15.3kn,215.1Deg,Unknown,"SINGAPORE, SG",2026-10-03 00:30:00,2026-09-29 15:58:57
2026-09-29 16:02:36,HAIAN EAST,574005100,9363144,XVIV7,Container,Under way using engine,18-52.371N,106-57.820E,18.87285,106.963667,16.0kn,348.9Deg,349.0Deg,"HAIPHONG, VN",2026-09-30 02:00:00,2026-09-29 16:02:21
2026-09-29 16:02:44,ITAL USODIMARE,247009600,9196979,IBPO,Container,Under way using engine,28-38.374N,122-26.275E,28.639567,122.437917,14.1kn,30.0Deg,32.0Deg,"QINGDAO, CN",2026-10-01 06:00:00,2026-09-29 15:52:48
2026-09-29 18:02:04,WAN HAI 517,566942000,9457660,9V7583,Container,At anchor,22-34.069N,120-14.135E,22.567817,120.235583,0kn,57.3Deg,83.0Deg,"KAOHSIUNG, CN",2026-09-30 08:40:00,2026-09-29 17:59:52
2026-09-29 18:02:11,9400186,563123500,9400186,9V3760,Container,Under way using engine,3-33.352N,100-09.612E,3.555867,100.1602,13.9kn,309.9Deg,308.0Deg,"CHENNAI, IN",2026-10-03 15:00:00,2026-09-29 18:01:52
2026-09-29 18:02:19,REN JIAN 19,414333000,9280809,BQOJ,Container,Under way using engine,1-15.197N,103-47.361E,1.253283,103.78935,3.9kn,215.2Deg,210.0Deg,"SHANGHAI, CN",2026-10-05 17:00:00,2026-09-29 18:02:08
2026-09-29 18:02:27,MSC DITTE,636017569,9754953,D5LP2,Container,Under way using engine,25-46.596N,4-30.914W,25.7766,-4.515233,0.4kn,312.5Deg,31.0Deg,"KHOR FAKKAN, AE",2026-09-25 00:00:00,2026-09-26 05:31:16
2026-09-29 18:02:34,EVER LEARNED,235098885,9604108,2GNG3,Container,Under way using engine,16-37.053N,115-38.323E,16.61755,115.638717,15.3kn,249.8Deg,Unknown,"SINGAPORE, SG",2026-10-03 00:30:00,2026-09-29 17:59:09
2026-09-29 18:02:42,HAIAN EAST,574005100,9363144,XVIV7,Container,Under way using engine,19-23.081N,106-54.807E,19.384683,106.91345,15.6kn,353.1Deg,355.0Deg,"HAIPHONG, VN",2026-09-30 02:00:00,2026-09-29 18:02:34
2026-09-29 18:02:49,ITAL USODIMARE,247009600,9196979,IBPO,Container,Under way using engine,29-06.398N,122-40.109E,29.106633,122.668483,14.3kn,15.0Deg,15.0Deg,MYPKL;8L9PD>BBBBBBB,2026-10-01 06:00:00,2026-09-29 18:01:16
2026-09-29 20:01:33,WAN HAI 517,566942000,9457660,9V7583,Container,At anchor,22-33.987N,120-14.221E,22.56645,120.237017,0.1kn,159.8Deg,22.0Deg,"KAOHSIUNG, CN",2026-09-30 08:40:00,2026-09-29 19:56:52
2026-09-29 20:01:42,9400186,563123500,9400186,9V3760,Container,Under way using engine,3-51.705N,99-48.508E,3.86175,99.808467,14.1kn,318.0Deg,317.0Deg,"CHENNAI, IN",2026-10-03 15:00:00,2026-09-29 20:01:31
2026-09-29 20:01:51,REN JIAN 19,414333000,9280809,BQOJ,Container,Under way using engine,1-15.066N,104-08.228E,1.2511,104.137133,14.8kn,79.8Deg,80.0Deg,"SHANGHAI, CN",2026-10-05 17:00:00,2026-09-29 20:01:40
2026-09-29 20:02:00,MSC DITTE,636017569,9754953,D5LP2,Container,Under way using engine,25-46.596N,4-30.914W,25.7766,-4.515233,0.4kn,312.5Deg,31.0Deg,"KHOR FAKKAN, AE",2026-09-25 00:00:00,2026-09-26 05:31:16
2026-09-29 20:02:09,EVER LEARNED,235098885,9604108,2GNG3,Container,Under way using engine,16-11.749N,115-22.610E,16.195817,115.376833,15.5kn,214.8Deg,216.0Deg,"SINGAPORE, SG",2026-10-03 00:30:00,2026-09-29 19:57:55
2026-09-29 20:02:17,HAIAN EAST,574005100,9363144,XVIV7,Container,Under way using engine,19-50.795N,106-55.582E,19.846583,106.926367,11.5kn,347.9Deg,344.0Deg,"HAIPHONG, VN",2026-09-30 02:00:00,2026-09-29 20:02:08
2026-09-29 20:02:26,ITAL USODIMARE,247009600,9196979,IBPO,Container,Under way using engine,29-33.501N,122-48.906E,29.55835,122.8151,13.6kn,15.0Deg,16.0Deg,"QINGDAO, CN",2026-10-01 06:00:00,2026-09-29 20:02:03
2026-09-29 20:03:14,WAN HAI 517,566942000,9457660,9V7583,Container,At anchor,22-33.981N,120-14.226E,22.56635,120.2371,0.1kn,121.4Deg,15.0Deg,"KAOHSIUNG, CN",2026-09-30 08:40:00,2026-09-29 20:02:52
2026-09-29 20:03:22,9400186,563123500,9400186,9V3760,Container,Under way using engine,3-51.976N,99-48.249E,3.866267,99.80415,13.8kn,311.3Deg,308.0Deg,"CHENNAI, IN",2026-10-03 15:00:00,2026-09-29 20:03:07
2026-09-29 20:03:31,REN JIAN 19,414333000,9280809,BQOJ,Container,Under way using engine,1-15.145N,104-08.644E,1.252417,104.144067,14.9kn,79.6Deg,80.0Deg,"SHANGHAI, CN",2026-10-05 17:00:00,2026-09-29 20:03:25
2026-09-29 20:03:40,MSC DITTE,636017569,9754953,D5LP2,Container,Under way using engine,25-46.596N,4-30.914W,25.7766,-4.515233,0.4kn,312.5Deg,31.0Deg,"KHOR FAKKAN, AE",2026-09-25 00:00:00,2026-09-26 05:31:16
2026-09-29 20:03:49,EVER LEARNED,235098885,9604108,2GNG3,Container,Under way using engine,16-11.464N,115-22.409E,16.191067,115.373483,15.5kn,214.8Deg,Unknown,"SINGAPORE, SG",2026-10-03 00:30:00,2026-09-29 19:59:20
2026-09-29 20:03:59,HAIAN EAST,574005100,9363144,XVIV7,Container,Under way using engine,19-51.107N,106-55.512E,19.851783,106.9252,11.5kn,348.1Deg,344.0Deg,"HAIPHONG, VN",2026-09-30 02:00:00,2026-09-29 20:03:47
2026-09-29 20:04:07,ITAL USODIMARE,247009600,9196979,IBPO,Container,Under way using engine,29-33.900N,122-49.036E,29.565,122.817267,13.5kn,15.0Deg,16.0Deg,MYPKL;8L9PD>BBBBBBB,2026-10-01 06:00:00,2026-09-29 20:03:54
2026-09-29 22:02:42,WAN HAI 517,566942000,9457660,9V7583,Container,At anchor,22-33.978N,120-14.253E,22.5663,120.23755,0.1kn,33.3Deg,2.0Deg,"KAOHSIUNG, CN",2026-09-30 08:40:00,2026-09-29 21:56:52
2026-09-29 22:02:52,9400186,563123500,9400186,9V3760,Container,Under way using engine,4-09.588N,99-27.846E,4.1598,99.4641,14.0kn,312.7Deg,311.0Deg,"CHENNAI, IN",2026-10-03 15:00:00,2026-09-29 21:59:55
2026-09-29 22:03:02,REN JIAN 19,414333000,9280809,BQOJ,Container,Under way using engine,1-28.725N,104-33.637E,1.47875,104.560617,13.0kn,49.2Deg,50.0Deg,"SHANGHAI, CN",2026-10-05 17:00:00,2026-09-29 22:02:48
2026-09-29 22:03:12,MSC DITTE,636017569,9754953,D5LP2,Container,Under way using engine,25-46.596N,4-30.914W,25.7766,-4.515233,0.4kn,312.5Deg,31.0Deg,"KHOR FAKKAN, AE",2026-09-25 00:00:00,2026-09-26 05:31:16
2026-09-29 22:03:22,EVER LEARNED,235098885,9604108,2GNG3,Container,Under way using engine,15-45.883N,115-04.693E,15.764717,115.078217,14.7kn,215.6Deg,219.0Deg,"SINGAPORE, SG",2026-10-03 00:30:00,2026-09-29 21:58:07
2026-09-29 22:03:32,HAIAN EAST,574005100,9363144,XVIV7,Container,Under way using engine,19-57.944N,106-55.169E,19.965733,106.919483,11.0kn,4.7Deg,3.0Deg,"HAIPHONG, VN",2026-09-30 02:00:00,2026-09-29 20:40:59
2026-09-29 22:03:42,ITAL USODIMARE,247009600,9196979,IBPO,Container,Under way using engine,29-59.042N,122-58.193E,29.984033,122.969883,12.3kn,15.0Deg,16.0Deg,"QINGDAO, CN",2026-10-01 06:00:00,2026-09-29 22:03:13
2026-09-29 23:45:52,WAN HAI 517,566942000,9457660,9V7583,Container,At anchor,22-33.973N,120-14.253E,22.566217,120.23755,0.1kn,240.1Deg,353.0Deg,"KAOHSIUNG, CN",2026-09-30 10:10:00,2026-09-29 23:41:51
2026-09-29 23:46:00,9400186,563123500,9400186,9V3760,Container,Under way using engine,4-28.125N,99-11.034E,4.46875,99.1839,13.9kn,305.0Deg,297.0Deg,"CHENNAI, IN",2026-10-03 15:00:00,2026-09-29 23:45:53
2026-09-29 23:46:08,REN JIAN 19,414333000,9280809,BQOJ,Container,Under way using engine,1-40.900N,104-49.755E,1.681667,104.82925,11.7kn,56.7Deg,59.0Deg,"SHANGHAI, CN",2026-10-05 17:00:00,2026-09-29 23:45:59
2026-09-29 23:46:16,MSC DITTE,636017569,9754953,D5LP2,Container,Under way using engine,25-46.596N,4-30.914W,25.7766,-4.515233,0.4kn,312.5Deg,31.0Deg,"KHOR FAKKAN, AE",2026-09-25 00:00:00,2026-09-26 05:31:16
2026-09-29 23:46:26,EVER LEARNED,235098885,9604108,2GNG3,Container,Under way using engine,15-25.189N,114-48.000E,15.419817,114.8,14.6kn,220.5Deg,Unknown,"SINGAPORE, SG",2026-10-03 00:30:00,2026-09-29 23:43:07
2026-09-29 23:46:34,HAIAN EAST,574005100,9363144,XVIV7,Container,Under way using engine,19-57.944N,106-55.169E,19.965733,106.919483,11.0kn,4.7Deg,3.0Deg,"HAIPHONG, VN",2026-09-30 02:00:00,2026-09-29 20:40:59
2026-09-29 23:46:41,ITAL USODIMARE,247009600,9196979,IBPO,Container,Under way using engine,30-12.775N,123-03.585E,30.212917,123.05975,12.8kn,27.0Deg,28.0Deg,"QINGDAO, CN",2026-10-01 06:00:00,2026-09-29 23:13:23
2026-09-30 00:02:04,WAN HAI 517,566942000,9457660,9V7583,Container,At anchor,22-33.984N,120-14.263E,22.5664,120.237717,0.2kn,49.5Deg,345.0Deg,"KAOHSIUNG, CN",2026-09-30 10:10:00,2026-09-29 23:53:51
2026-09-30 00:02:12,9400186,563123500,9400186,9V3760,Container,Under way using engine,4-29.814N,99-07.672E,4.4969,99.127867,14.1kn,295.2Deg,292.0Deg,"CHENNAI, IN",2026-10-03 15:00:00,2026-09-30 00:01:59
2026-09-30 00:02:20,REN JIAN 19,414333000,9280809,BQOJ,Container,Under way using engine,1-42.533N,104-52.252E,1.708883,104.870867,11.6kn,57.0Deg,58.0Deg,"SHANGHAI, CN",2026-10-05 17:00:00,2026-09-30 00:01:19
2026-09-30 00:02:27,MSC DITTE,636017569,9754953,D5LP2,Container,Under way using engine,25-46.596N,4-30.914W,25.7766,-4.515233,0.4kn,312.5Deg,31.0Deg,"KHOR FAKKAN, AE",2026-09-25 00:00:00,2026-09-26 05:31:16
2026-09-30 00:02:35,EVER LEARNED,235098885,9604108,2GNG3,Container,Under way using engine,15-22.288N,114-45.453E,15.371467,114.75755,14.1kn,220.1Deg,Unknown,"SINGAPORE, SG",2026-10-03 00:30:00,2026-09-29 23:58:54
2026-09-30 00:02:42,HAIAN EAST,574005100,9363144,XVIV7,Container,Under way using engine,20-27.101N,106-53.658E,20.451683,106.8943,7.5kn,0.4Deg,Unknown,"HAIPHONG, VN",2026-09-30 02:00:00,2026-09-29 23:56:11
2026-09-30 00:02:50,ITAL USODIMARE,247009600,9196979,IBPO,Container,Under way using engine,30-19.683N,123-06.614E,30.32805,123.110233,12.1kn,16.0Deg,21.0Deg,"QINGDAO, CN",2026-10-01 06:00:00,2026-09-29 23:48:53
2026-09-30 02:02:32,WAN HAI 517,566942000,9457660,9V7583,Container,Under way using engine,22-31.561N,120-13.317E,22.526017,120.22195,0.5kn,187.6Deg,64.0Deg,"KAOHSIUNG, CN",2026-09-30 10:10:00,2026-09-30 02:02:18
2026-09-30 02:02:40,9400186,563123500,9400186,9V3760,Container,Under way using engine,4-46.969N,98-45.561E,4.782817,98.75935,14.2kn,312.8Deg,312.0Deg,"CHENNAI, IN",2026-10-03 15:00:00,2026-09-30 02:02:33
2026-09-30 02:02:48,REN JIAN 19,414333000,9280809,BQOJ,Container,Under way using engine,2-02.829N,105-08.637E,2.04715,105.14395,15.0kn,11.4Deg,15.0Deg,"SHANGHAI, CN",2026-10-05 17:00:00,2026-09-30 02:02:41
2026-09-30 02:02:57,MSC DITTE,636017569,9754953,D5LP2,Container,Under way using engine,25-46.596N,4-30.914W,25.7766,-4.515233,0.4kn,312.5Deg,31.0Deg,"KHOR FAKKAN, AE",2026-09-25 00:00:00,2026-09-26 05:31:16
2026-09-30 02:03:05,EVER LEARNED,235098885,9604108,2GNG3,Container,Under way using engine,15-00.080N,114-26.453E,15.001333,114.440883,14.3kn,220.1Deg,Unknown,"SINGAPORE, SG",2026-10-03 00:30:00,2026-09-30 01:59:55
2026-09-30 02:03:14,HAIAN EAST,574005100,9363144,XVIV7,Container,Under way using engine,20-39.354N,106-55.720E,20.6559,106.928667,13.6kn,65.2Deg,65.0Deg,"HAIPHONG, VN",2026-09-30 02:00:00,2026-09-30 02:03:07
2026-09-30 02:03:23,ITAL USODIMARE,247009600,9196979,IBPO,Container,Under way using engine,30-42.686N,123-17.939E,30.711433,123.298983,13.5kn,28.0Deg,36.0Deg,"QINGDAO, CN",2026-10-01 06:00:00,2026-09-30 01:43:33
2026-09-30 03:26:28,WAN HAI 517,566942000,9457660,9V7583,Container,Under way using engine,22-34.140N,120-18.575E,22.569,120.309583,4.4kn,324.7Deg,323.0Deg,"KAOHSIUNG, CN",2026-09-30 10:10:00,2026-09-30 03:26:18
2026-09-30 03:26:36,9400186,563123500,9400186,9V3760,Container,Under way using engine,5-00.169N,98-31.790E,5.002817,98.529833,13.9kn,311.1Deg,308.0Deg,"CHENNAI, IN",2026-10-03 15:00:00,2026-09-30 03:23:32
2026-09-30 03:26:43,REN JIAN 19,414333000,9280809,BQOJ,Container,Under way using engine,2-20.899N,105-11.575E,2.348317,105.192917,15.0kn,8.5Deg,10.0Deg,"SHANGHAI, CN",2026-10-05 17:00:00,2026-09-30 03:15:04
2026-09-30 03:26:51,MSC DITTE,636017569,9754953,D5LP2,Container,Under way using engine,25-46.596N,4-30.914W,25.7766,-4.515233,0.4kn,312.5Deg,31.0Deg,"KHOR FAKKAN, AE",2026-09-25 00:00:00,2026-09-26 05:31:16
2026-09-30 03:27:00,EVER LEARNED,235098885,9604108,2GNG3,Container,Under way using engine,14-53.301N,114-20.847E,14.88835,114.34745,15.1kn,218.6Deg,Unknown,"SINGAPORE, SG",2026-10-03 00:30:00,2026-09-30 02:34:58
2026-09-30 03:27:08,HAIAN EAST,574005100,9363144,XVIV7,Container,Under way using engine,20-49.001N,106-51.910E,20.816683,106.865167,9.7kn,261.3Deg,261.0Deg,"HAIPHONG, VN",2026-09-30 02:00:00,2026-09-30 03:26:51
2026-09-30 03:27:16,ITAL USODIMARE,247009600,9196979,IBPO,Container,Under way using engine,31-05.208N,123-18.920E,31.0868,123.315333,14.9kn,0.0Deg,7.0Deg,"QINGDAO, CN",2026-10-01 06:00:00,2026-09-30 03:17:19
2026-09-30 04:01:58,WAN HAI 517,566942000,9457660,9V7583,Container,Moored,22-34.426N,120-18.439E,22.573767,120.307317,0kn,201.8Deg,322.0Deg,"KAOHSIUNG, CN",2026-09-30 10:10:00,2026-09-30 03:56:34
2026-09-30 04:02:07,9400186,563123500,9400186,9V3760,Container,Under way using engine,5-05.850N,98-24.813E,5.0975,98.41355,14.2kn,312.2Deg,311.0Deg,"CHENNAI, IN",2026-10-03 15:00:00,2026-09-30 04:01:43
2026-09-30 04:02:19,REN JIAN 19,414333000,9280809,BQOJ,Container,Under way using engine,2-20.899N,105-11.575E,2.348317,105.192917,15.0kn,8.5Deg,10.0Deg,"SHANGHAI, CN",2026-10-05 17:00:00,2026-09-30 03:15:04
2026-09-30 04:02:30,MSC DITTE,636017569,9754953,D5LP2,Container,Under way using engine,25-46.596N,4-30.914W,25.7766,-4.515233,0.4kn,312.5Deg,31.0Deg,"KHOR FAKKAN, AE",2026-09-25 00:00:00,2026-09-26 05:31:16
2026-09-30 04:02:40,EVER LEARNED,235098885,9604108,2GNG3,Container,Under way using engine,14-36.210N,114-06.617E,14.6035,114.110283,15.1kn,219.4Deg,218.0Deg,"SINGAPORE, SG",2026-10-03 00:30:00,2026-09-30 04:02:26
2026-09-30 04:02:51,HAIAN EAST,574005100,9363144,XVIV7,Container,Under way using engine,20-50.243N,106-46.761E,20.837383,106.77935,4.4kn,294.2Deg,298.0Deg,"HAIPHONG, VN",2026-09-30 02:00:00,2026-09-30 04:02:41
2026-09-30 04:03:01,ITAL USODIMARE,247009600,9196979,IBPO,Container,Under way using engine,31-14.590N,123-18.798E,31.243167,123.3133,15.7kn,0.0Deg,5.0Deg,"QINGDAO, CN",2026-10-01 06:00:00,2026-09-30 03:54:08
2026-09-30 06:02:13,WAN HAI 517,566942000,9457660,9V7583,Container,Moored,22-34.427N,120-18.437E,22.573783,120.307283,0kn,206.0Deg,322.0Deg,"KAOHSIUNG, CN",2026-09-30 10:10:00,2026-09-30 05:56:34
2026-09-30 06:02:20,9400186,563123500,9400186,9V3760,Container,Under way using engine,5-21.137N,98-05.697E,5.352283,98.09495,14.1kn,300.4Deg,300.0Deg,"CHENNAI, IN",2026-10-03 15:00:00,2026-09-30 05:44:57
2026-09-30 06:02:28,REN JIAN 19,414333000,9280809,BQOJ,Container,Under way using engine,3-01.508N,105-24.764E,3.025133,105.412733,15.8kn,17.6Deg,20.0Deg,"SHANGHAI, CN",2026-10-05 17:00:00,2026-09-30 06:02:10
2026-09-30 06:02:35,MSC DITTE,636017569,9754953,D5LP2,Container,Under way using engine,25-46.596N,4-30.914W,25.7766,-4.515233,0.4kn,312.5Deg,31.0Deg,"KHOR FAKKAN, AE",2026-09-25 00:00:00,2026-09-26 05:31:16
2026-09-30 06:02:43,EVER LEARNED,235098885,9604108,2GNG3,Container,Under way using engine,14-13.778N,113-47.569E,14.229633,113.792817,15.6kn,218.1Deg,Unknown,"SINGAPORE, SG",2026-10-03 00:30:00,2026-09-30 05:55:16
2026-09-30 06:02:50,HAIAN EAST,574005100,9363144,XVIV7,Container,Moored,20-50.360N,106-46.464E,20.839333,106.7744,0kn,248.5Deg,305.0Deg,"HAIPHONG, VN",2026-09-30 02:00:00,2026-09-30 06:02:11
2026-09-30 06:02:58,ITAL USODIMARE,247009600,9196979,IBPO,Container,Under way using engine,31-27.875N,123-18.592E,31.464583,123.309867,15.8kn,3.0Deg,5.0Deg,"QINGDAO, CN",2026-10-01 06:00:00,2026-09-30 04:44:41
2026-09-30 08:02:11,WAN HAI 517,566942000,9457660,9V7583,Container,Moored,22-34.427N,120-18.438E,22.573783,120.3073,0kn,359.9Deg,322.0Deg,"KAOHSIUNG, CN",2026-09-30 10:10:00,2026-09-30 07:59:34
2026-09-30 08:02:19,9400186,563123500,9400186,9V3760,Container,Under way using engine,5-30.089N,97-41.931E,5.501483,97.69885,14.1kn,286.2Deg,Unknown,"CHENNAI, IN",2026-10-03 15:00:00,2026-09-30 07:32:08
2026-09-30 08:02:28,REN JIAN 19,414333000,9280809,BQOJ,Container,Under way using engine,3-27.228N,105-36.105E,3.4538,105.60175,15.9kn,26.5Deg,28.0Deg,"SHANGHAI, CN",2026-10-05 17:00:00,2026-09-30 07:47:34
2026-09-30 08:02:36,MSC DITTE,636017569,9754953,D5LP2,Container,Under way using engine,25-46.596N,4-30.914W,25.7766,-4.515233,0.4kn,312.5Deg,31.0Deg,"KHOR FAKKAN, AE",2026-09-25 00:00:00,2026-09-26 05:31:16
2026-09-30 08:02:44,EVER LEARNED,235098885,9604108,2GNG3,Container,Under way using engine,13-49.405N,113-26.772E,13.823417,113.4462,15.5kn,220.6Deg,Unknown,"SINGAPORE, SG",2026-10-03 00:30:00,2026-09-30 07:58:45
2026-09-30 08:02:52,HAIAN EAST,574005100,9363144,XVIV7,Container,Moored,20-50.358N,106-46.469E,20.8393,106.774483,0kn,248.5Deg,305.0Deg,"HAIPHONG, VN",2026-09-30 02:00:00,2026-09-30 08:02:09
2026-09-30 08:03:00,ITAL USODIMARE,247009600,9196979,IBPO,Container,Under way using engine,32-18.766N,123-20.156E,32.312767,123.335933,15.4kn,8.0Deg,4.0Deg,"QINGDAO, CN",2026-10-01 06:00:00,2026-09-30 08:02:47
2026-09-30 09:59:15,WAN HAI 517,566942000,9457660,9V7583,Container,Moored,22-34.425N,120-18.435E,22.57375,120.30725,0kn,57.0Deg,322.0Deg,"KAOHSIUNG, CN",2026-09-30 10:10:00,2026-09-30 09:53:34
2026-09-30 09:59:25,9400186,563123500,9400186,9V3760,Container,Under way using engine,5-38.476N,97-12.855E,5.641267,97.21425,14.3kn,285.9Deg,Unknown,"CHENNAI, IN",2026-10-03 15:00:00,2026-09-30 09:39:30
2026-09-30 09:59:35,REN JIAN 19,414333000,9280809,BQOJ,Container,Under way using engine,3-58.240N,105-51.750E,3.970667,105.8625,15.5kn,26.3Deg,26.0Deg,"SHANGHAI, CN",2026-10-05 17:00:00,2026-09-30 09:59:17
2026-09-30 09:59:45,MSC DITTE,636017569,9754953,D5LP2,Container,Under way using engine,25-46.596N,4-30.914W,25.7766,-4.515233,0.4kn,312.5Deg,31.0Deg,"KHOR FAKKAN, AE",2026-09-25 00:00:00,2026-09-26 05:31:16
2026-09-30 09:59:54,EVER LEARNED,235098885,9604108,2GNG3,Container,Under way using engine,13-25.393N,113-06.482E,13.423217,113.108033,15.4kn,214.5Deg,214.0Deg,"SINGAPORE, SG",2026-10-03 00:30:00,2026-09-30 09:55:31
2026-09-30 10:00:04,HAIAN EAST,574005100,9363144,XVIV7,Container,Moored,20-50.362N,106-46.466E,20.839367,106.774433,0kn,248.5Deg,305.0Deg,"HAIPHONG, VN",2026-09-30 02:00:00,2026-09-30 09:59:19
2026-09-30 10:00:14,ITAL USODIMARE,247009600,9196979,IBPO,Container,Under way using engine,32-50.204N,123-20.849E,32.836733,123.347483,16.9kn,3.0Deg,5.0Deg,"QINGDAO, CN",2026-10-01 02:00:00,2026-09-30 09:58:35
2026-09-30 10:02:10,WAN HAI 517,566942000,9457660,9V7583,Container,Moored,22-34.429N,120-18.441E,22.573817,120.30735,0kn,68.8Deg,322.0Deg,"KAOHSIUNG, CN",2026-09-30 10:10:00,2026-09-30 09:59:34
2026-09-30 10:02:19,9400186,563123500,9400186,9V3760,Container,Under way using engine,5-38.476N,97-12.855E,5.641267,97.21425,14.3kn,285.9Deg,Unknown,"CHENNAI, IN",2026-10-03 15:00:00,2026-09-30 09:39:30
2026-09-30 10:02:27,REN JIAN 19,414333000,9280809,BQOJ,Container,Under way using engine,3-58.899N,105-52.078E,3.98165,105.867967,15.2kn,26.6Deg,25.0Deg,"SHANGHAI, CN",2026-10-05 17:00:00,2026-09-30 10:02:10
2026-09-30 10:02:35,MSC DITTE,636017569,9754953,D5LP2,Container,Under way using engine,25-46.596N,4-30.914W,25.7766,-4.515233,0.4kn,312.5Deg,31.0Deg,"KHOR FAKKAN, AE",2026-09-25 00:00:00,2026-09-26 05:31:16
2026-09-30 10:02:43,EVER LEARNED,235098885,9604108,2GNG3,Container,Under way using engine,13-24.242N,113-05.680E,13.404033,113.094667,15.4kn,214.5Deg,215.0Deg,"SINGAPORE, SG",2026-10-03 00:30:00,2026-09-30 10:00:55
2026-09-30 10:02:51,HAIAN EAST,574005100,9363144,XVIV7,Container,Moored,20-50.362N,106-46.466E,20.839367,106.774433,0kn,248.5Deg,305.0Deg,"HAIPHONG, VN",2026-09-30 02:00:00,2026-09-30 09:59:19
2026-09-30 10:02:59,ITAL USODIMARE,247009600,9196979,IBPO,Container,Under way using engine,32-51.414N,123-21.115E,32.8569,123.351917,17.0kn,8.0Deg,4.0Deg,"QINGDAO, CN",2026-10-01 02:00:00,2026-09-30 10:02:53
2026-09-30 12:02:14,WAN HAI 517,566942000,9457660,9V7583,Container,Moored,22-34.428N,120-18.439E,22.5738,120.307317,0kn,46.3Deg,322.0Deg,"KAOHSIUNG, CN",2026-09-30 10:10:00,2026-09-30 11:59:35
2026-09-30 12:02:24,9400186,563123500,9400186,9V3760,Container,Under way using engine,5-47.822N,96-40.519E,5.797033,96.675317,13.9kn,284.1Deg,284.0Deg,"CHENNAI, IN",2026-10-03 15:00:00,2026-09-30 12:01:56
2026-09-30 12:02:33,REN JIAN 19,414333000,9280809,BQOJ,Container,Under way using engine,4-26.762N,106-04.094E,4.446033,106.068233,15.1kn,20.4Deg,23.0Deg,"SHANGHAI, CN",2026-10-05 17:00:00,2026-09-30 12:02:10
2026-09-30 12:02:43,MSC DITTE,636017569,9754953,D5LP2,Container,Under way using engine,25-46.596N,4-30.914W,25.7766,-4.515233,0.4kn,312.5Deg,31.0Deg,"KHOR FAKKAN, AE",2026-09-25 00:00:00,2026-09-26 05:31:16
2026-09-30 12:02:52,EVER LEARNED,235098885,9604108,2GNG3,Container,Under way using engine,13-01.544N,112-47.311E,13.025733,112.788517,14.9kn,216.7Deg,220.0Deg,"SINGAPORE, SG",2026-10-03 00:30:00,2026-09-30 11:57:49
2026-09-30 12:03:02,HAIAN EAST,574005100,9363144,XVIV7,Container,Moored,20-50.358N,106-46.470E,20.8393,106.7745,0kn,248.5Deg,305.0Deg,"HAIPHONG, VN",2026-09-30 02:00:00,2026-09-30 12:02:15
2026-09-30 12:03:11,ITAL USODIMARE,247009600,9196979,IBPO,Container,Under way using engine,33-24.022N,123-21.147E,33.400367,123.35245,16.5kn,358.0Deg,0.0Deg,"QINGDAO, CN",2026-10-01 02:00:00,2026-09-30 12:01:30
